case_id,run_id,agent,anchor,repeat_index,detection_correct,identification_correct,evidence_f1,recovery_verdict,cost_usd
case_0019,20260921T133729Z_d45e6c,static,rule,1,True,True,0.8571,recovered,0.014882
case_0019,20260921T133856Z_af3e52,static,off,0,False,False,0.0,rejected,0.012615
case_0019,20260921T141632Z_c42967,static,rule,0,True,True,0.8571,recovered,0.0019535999999999998
case_0019,20260921T142628Z_cef69e,static,numbers,0,True,True,0.6667,recovered,0.0019124
case_0019,20260921T144303Z_c4e734,static,numbers,1,True,True,0.75,recovered,0.0005751799999999999
case_0019,20260921T144517Z_ba4de0,static,rule,0,True,True,0.75,recovered,0.015082
case_0019,20260921T145050Z_74a8c8,static,numbers,1,True,True,0.8571,recovered,0.014577
case_0019,20260921T145158Z_8ef108,react,off,0,False,False,0.0,rejected,0.096668
case_0019,20260921T150216Z_0f9535,react,off,1,True,True,0.75,recovered,0.0045262
case_0019,20260921T151024Z_a08f3a,react,off,0,True,True,0.6667,recovered,0.00316864
case_0019,20260921T151934Z_f5728f,react,rule,0,True,True,0.75,recovered,0.072507
case_0019,20260921T152344Z_a3d88f,static,rule,1,True,True,0.75,recovered,0.0017664
case_0019,20260921T152504Z_33d17b,react,numbers,1,True,True,0.8571,recovered,0.00395284
case_0019,20260921T153848Z_86ec57,react,numbers,1,True,True,0.8571,recovered,0.061713
case_0019,20260921T154258Z_a6d9c1,static,numbers,0,True,True,0.75,recovered,0.014912
case_0019,20260921T160133Z_2df645,static,off,0,True,True,0.75,recovered,0.0020458000000000004
case_0019,20260921T162517Z_eb5ea0,react,numbers,0,True,True,1.0,recovered,0.072638
case_0019,20260921T163800Z_c28904,react,off,1,False,False,0.0,rejected,0.103975
case_0019,20260921T171550Z_efb06a,react,rule,1,True,True,0.8571,recovered,0.072015
case_0019,20260921T171725Z_c7a139,static,off,1,True,True,0.75,recovered,0.0027418
case_0019,20260921T172417Z_a1850e,react,numbers,0,True,True,0.8571,recovered,0.00353928
case_0019,20260921T172642Z_2f2454,react,rule,0,True,False,0.75,recovered,0.00300038
case_0019,20260921T172723Z_837f94,react,rule,1,True,True,0.8571,rejected,0.0026827200000000004
case_0019,20260921T173116Z_2dca18,static,off,1,False,False,0.0,rejected,0.01336
case_0020,20260921T134637Z_a73c1c,react,numbers,0,True,False,1.0,recovered,0.066483
case_0020,20260921T135104Z_c4fd64,react,numbers,1,True,True,0.8571,recovered,0.00362816
case_0020,20260921T141642Z_bafa3b,react,off,1,False,False,0.0,rejected,0.141243
case_0020,20260921T142632Z_9cfab1,react,off,0,False,False,0.0,rejected,0.077026
case_0020,20260921T143507Z_ecff81,static,numbers,0,True,True,0.75,recovered,0.0019208000000000003
case_0020,20260921T144127Z_6b62da,react,off,1,False,False,0.0,rejected,0.00283324
case_0020,20260921T145519Z_eff666,static,rule,0,True,False,0.8571,recovered,0.013937
case_0020,20260921T145611Z_7a1f60,static,numbers,1,True,True,0.8571,not_recovered,0.013922
case_0020,20260921T150908Z_d2ae15,static,numbers,0,True,False,1.0,not_recovered,0.014042
case_0020,20260921T152754Z_d9e0c4,static,off,1,True,True,0.75,recovered,0.002041
case_0020,20260921T154144Z_b1e03f,react,off,0,True,True,0.6667,rejected,0.00427896
case_0020,20260921T155119Z_79094a,static,off,0,False,False,0.0,rejected,0.01229
case_0020,20260921T160710Z_2e0cf7,static,numbers,1,True,True,0.6667,recovered,0.0019795999999999998
case_0020,20260921T160726Z_fe03c1,react,rule,1,False,False,0.0,rejected,0.068481
case_0020,20260921T161826Z_c3628e,react,rule,0,True,False,0.8,not_recovered,0.112435
case_0020,20260921T164938Z_56b275,react,numbers,0,True,True,0.8571,recovered,0.0029066
case_0020,20260921T170159Z_cd7c03,static,rule,0,True,True,0.8571,recovered,0.0018516
case_0020,20260921T170419Z_739643,static,off,0,True,True,0.75,recovered,0.0018214000000000001
case_0020,20260921T170606Z_a018bd,react,rule,1,True,True,0.6667,rejected,0.0036632599999999998
case_0020,20260921T170658Z_de5619,react,rule,0,True,True,0.5,recovered,0.00319722
case_0020,20260921T171005Z_dad7ab,react,numbers,1,True,True,0.8,recovered,0.073475
case_0020,20260921T172118Z_f903fe,static,rule,1,True,True,0.8571,recovered,0.00064386
case_0020,20260921T172715Z_f60f13,static,off,1,False,False,0.0,rejected,0.0123
case_0020,20260921T173021Z_222637,static,rule,1,True,True,0.5,recovered,0.014167
case_0021,20260921T133933Z_adba69,static,numbers,0,True,False,1.0,recovered,0.014082
case_0021,20260921T133944Z_6b0b68,static,rule,0,True,False,1.0,recovered,0.014052
case_0021,20260921T134530Z_263399,static,rule,1,True,False,0.8571,recovered,0.014112
case_0021,20260921T135156Z_9f7b75,react,off,0,True,False,0.2857,rejected,0.00372088
case_0021,20260921T140820Z_24c15e,static,off,0,False,False,0.0,rejected,0.01296
case_0021,20260921T143130Z_cfd1f3,react,rule,0,True,True,0.8571,rejected,0.079282
case_0021,20260921T143931Z_fc533c,react,rule,1,True,True,0.8571,recovered,0.00357192
case_0021,20260921T144209Z_267b8c,static,numbers,1,False,False,0.0,rejected,0.012992
case_0021,20260921T144416Z_1224be,react,numbers,1,True,True,0.75,recovered,0.00384862
case_0021,20260921T145730Z_c4f9db,static,numbers,0,True,True,0.8571,recovered,0.00179
case_0021,20260921T152348Z_5eb73a,react,numbers,1,True,True,0.6667,recovered,0.095573
case_0021,20260921T154556Z_16b4ba,react,numbers,0,True,True,0.8571,recovered,0.069669
case_0021,20260921T155920Z_00ff01,static,numbers,1,,,,,0.0
case_0021,20260921T155927Z_ce256e,static,numbers,1,True,True,0.75,recovered,0.0007515800000000001
case_0021,20260921T162712Z_bbf549,react,rule,1,True,True,1.0,recovered,0.106596
case_0021,20260921T163727Z_ffcadc,react,numbers,0,True,True,0.5714,recovered,0.003453
case_0021,20260921T163847Z_b79037,static,rule,1,True,False,0.75,recovered,0.00207
case_0021,20260921T164011Z_0aac6a,react,off,1,False,False,0.0,rejected,0.103374
case_0021,20260921T164210Z_6d6aa9,react,off,1,True,True,0.8571,recovered,0.003435
case_0021,20260921T164754Z_837d65,static,off,1,True,True,0.75,recovered,0.0018106
case_0021,20260921T165044Z_cf7968,react,off,0,False,False,0.0,rejected,0.116269
case_0021,20260921T171222Z_bf0b1d,static,off,1,False,False,0.0,rejected,0.012755
case_0021,20260921T172013Z_d3206a,react,rule,0,True,True,0.8571,recovered,0.0036315
case_0021,20260921T172212Z_7727b8,static,rule,0,True,True,0.75,recovered,0.0018924
case_0021,20260921T172331Z_9e9c6e,static,off,0,True,True,0.6667,recovered,0.0019582000000000002
case_0022,20260921T134743Z_eb8dc9,static,rule,0,True,True,0.6667,recovered,0.0018912
case_0022,20260921T141621Z_d3af1e,static,numbers,1,True,False,0.6667,not_recovered,0.014147
case_0022,20260921T144055Z_20d34f,react,numbers,1,True,True,0.8571,recovered,0.00328874
case_0022,20260921T150131Z_beacbb,react,off,1,False,False,0.0,rejected,0.146356
case_0022,20260921T151224Z_b82652,static,rule,1,True,True,1.0,recovered,0.013672
case_0022,20260921T151746Z_174799,static,off,1,False,False,0.0,rejected,0.01311
case_0022,20260921T152610Z_1d6270,react,rule,0,True,True,0.75,recovered,0.00312614
case_0022,20260921T152709Z_d13f91,static,off,0,True,True,0.5,recovered,0.0019102000000000004
case_0022,20260921T154741Z_70495a,react,rule,0,True,True,1.0,recovered,0.052883
case_0022,20260921T155045Z_9e3583,static,rule,0,True,True,0.75,recovered,0.015027
case_0022,20260921T160140Z_b44350,react,off,0,False,False,0.0,rejected,0.00214158
case_0022,20260921T160959Z_d38823,react,numbers,0,True,True,0.6667,recovered,0.0033230800000000004
case_0022,20260921T162458Z_55dfbf,react,numbers,1,True,True,1.0,recovered,0.064649
case_0022,20260921T163224Z_64a159,static,rule,1,True,True,0.75,recovered,0.0019152000000000001
case_0022,20260921T164649Z_29ddc0,react,numbers,0,True,True,0.6667,recovered,0.099713
case_0022,20260921T164850Z_6d1073,react,rule,1,True,True,0.5714,recovered,0.00399684
case_0022,20260921T165134Z_0e456d,static,numbers,0,True,False,1.0,not_recovered,0.014397
case_0022,20260921T171055Z_55bb49,react,rule,1,True,True,1.0,recovered,0.071733
case_0022,20260921T171213Z_0f5ab9,static,off,0,False,False,0.0,rejected,0.012305
case_0022,20260921T171608Z_84925d,react,off,0,False,False,0.0,rejected,0.070367
case_0022,20260921T172146Z_e14279,static,off,1,True,True,0.75,recovered,0.001909
case_0022,20260921T172505Z_140317,static,numbers,1,True,True,0.75,recovered,0.0018608000000000001
case_0022,20260921T172911Z_f8caf3,react,off,1,True,True,0.75,recovered,0.005158520000000001
case_0022,20260921T173110Z_4282cd,static,numbers,0,True,True,0.75,recovered,0.00072758
case_0023,20260921T132956Z_723423,react,off,1,True,True,0.75,recovered,0.00492854
case_0023,20260921T134815Z_91ff99,react,numbers,0,True,True,0.8571,recovered,0.077164
case_0023,20260921T135303Z_0bfe02,react,rule,0,True,True,0.8571,recovered,0.0037925999999999997
case_0023,20260921T141348Z_7621ed,static,off,1,True,True,0.75,recovered,0.0017518000000000002
case_0023,20260921T142105Z_298275,static,numbers,0,True,True,1.0,recovered,0.014197
case_0023,20260921T143623Z_81507e,static,rule,0,True,True,0.75,recovered,0.0018732
case_0023,20260921T144308Z_c5443c,static,rule,1,True,True,0.6667,recovered,0.013677
case_0023,20260921T145113Z_9aded8,static,off,0,True,True,0.6667,recovered,0.0018382000000000001
case_0023,20260921T145118Z_356709,react,off,1,False,False,0.0,rejected,0.073683
case_0023,20260921T145410Z_f476bd,react,numbers,1,True,True,0.8571,recovered,0.0028112600000000003
case_0023,20260921T152531Z_41a025,static,off,0,False,False,0.0,rejected,0.012915
case_0023,20260921T152714Z_74b8dd,react,rule,1,True,True,0.8571,recovered,0.076969
case_0023,20260921T153033Z_f7d236,react,off,0,False,False,0.0,rejected,0.090063
case_0023,20260921T153354Z_3caac6,react,numbers,1,True,False,0.8,recovered,0.043661
case_0023,20260921T153444Z_65ac44,react,off,0,False,False,0.0,rejected,0.00179996
case_0023,20260921T161747Z_2a39d7,static,rule,0,True,True,1.0,recovered,0.013632
case_0023,20260921T162950Z_ab99aa,static,numbers,0,True,True,0.75,recovered,0.0018764
case_0023,20260921T164550Z_c96fd2,static,off,1,False,False,0.0,rejected,0.012235
case_0023,20260921T165427Z_a97346,react,numbers,0,True,False,0.2857,recovered,0.0035643000000000003
case_0023,20260921T165628Z_d11488,static,numbers,1,True,False,0.6667,rejected,0.016037
case_0023,20260921T170937Z_c936c6,react,rule,1,True,True,0.75,recovered,0.00386478
case_0023,20260921T172443Z_d17e89,static,numbers,1,True,True,0.6667,recovered,0.0018884000000000001
case_0023,20260921T172851Z_75907e,react,rule,0,True,False,1.0,recovered,0.058871
case_0023,20260921T173126Z_6c64c4,static,rule,1,True,True,0.75,recovered,0.0019236
case_0024,20260921T134238Z_0db27b,react,off,0,False,False,0.0,rejected,0.125538
case_0024,20260921T134539Z_292ea1,static,numbers,1,True,True,0.8571,recovered,0.015312
case_0024,20260921T140856Z_f2038d,static,off,0,True,True,0.5,recovered,0.0018778000000000002
case_0024,20260921T141036Z_9cddd2,static,numbers,0,True,True,0.75,recovered,0.014807
case_0024,20260921T141129Z_371667,static,numbers,1,True,True,0.75,recovered,0.0018596
case_0024,20260921T141555Z_68084f,static,rule,1,True,True,0.8571,rejected,0.013962
case_0024,20260921T143542Z_feeba4,react,rule,0,True,True,1.0,recovered,0.078068
case_0024,20260921T145710Z_a26741,react,rule,0,True,True,0.5,recovered,0.00370018
case_0024,20260921T150553Z_d70702,react,off,1,False,False,0.0,rejected,0.100028
case_0024,20260921T150736Z_30ff52,react,rule,1,True,True,1.0,recovered,0.101611
case_0024,20260921T151501Z_9e66e9,react,rule,1,True,True,0.8571,recovered,0.0025158
case_0024,20260921T151755Z_bd13fc,static,off,1,False,False,0.0,rejected,0.012725
case_0024,20260921T152236Z_afe22f,react,off,1,True,True,0.8571,recovered,0.0036026
case_0024,20260921T152546Z_0e8842,static,off,1,True,True,0.5714,recovered,0.0019246
case_0024,20260921T153502Z_d652a8,static,rule,0,True,False,0.6667,recovered,0.013972
case_0024,20260921T154220Z_9176a7,react,numbers,1,True,True,1.0,recovered,0.063169
case_0024,20260921T154621Z_8c8de8,react,numbers,1,True,True,0.5714,recovered,0.0034868200000000003
case_0024,20260921T155618Z_931568,react,off,0,True,True,0.75,recovered,0.00397672
case_0024,20260921T160746Z_c546bf,static,numbers,0,True,True,0.75,recovered,0.0018212
case_0024,20260921T161617Z_8bffd3,static,rule,1,True,True,0.6667,recovered,0.0019344000000000002
case_0024,20260921T164034Z_4c6b45,react,numbers,0,True,True,0.75,recovered,0.00317494
case_0024,20260921T164048Z_3e2d11,static,rule,0,True,True,0.8571,recovered,0.00064746
case_0024,20260921T165644Z_1370d9,react,numbers,0,True,True,0.75,recovered,0.069089
case_0024,20260921T165737Z_c6ca38,static,off,0,False,False,0.0,rejected,0.01311
case_0025,20260921T134141Z_1e6eb4,static,numbers,1,True,True,0.8571,recovered,0.015002
case_0025,20260921T140329Z_aba285,react,numbers,1,True,True,0.75,rejected,0.0036297200000000003
case_0025,20260921T143431Z_1ad591,static,numbers,0,True,True,0.75,recovered,0.0018776
case_0025,20260921T150523Z_68223e,static,rule,0,True,True,0.8571,recovered,0.014567
case_0025,20260921T151243Z_a0ca7e,react,numbers,0,True,True,0.8571,recovered,0.092576
case_0025,20260921T151822Z_4c9fb9,static,off,0,True,True,0.75,recovered,0.0018394000000000001
case_0025,20260921T151845Z_c61f49,react,off,1,False,False,0.0,rejected,0.082029
case_0025,20260921T152141Z_a843d4,react,off,1,False,False,0.0,rejected,0.00245152
case_0025,20260921T152210Z_fe0349,static,numbers,1,True,True,0.75,recovered,0.0018368000000000002
case_0025,20260921T152413Z_3c3613,react,rule,1,True,True,0.8571,recovered,0.00371556
case_0025,20260921T152922Z_6303ce,static,off,1,True,True,0.75,recovered,0.0005842
case_0025,20260921T153221Z_59d105,static,off,0,False,False,0.0,rejected,0.012935
case_0025,20260921T155901Z_c48ee7,react,rule,1,True,True,0.5714,recovered,0.078198
case_0025,20260921T160040Z_be9403,static,rule,0,True,True,0.75,recovered,0.0018947999999999999
case_0025,20260921T163256Z_1652bf,static,rule,1,True,True,0.8571,recovered,0.013542
case_0025,20260921T163642Z_f56191,static,off,1,False,False,0.0,rejected,0.012095
case_0025,20260921T163904Z_f4707e,react,rule,0,True,True,0.5714,recovered,0.091281
case_0025,20260921T164136Z_bebd9b,react,off,0,False,False,0.0,rejected,0.00240764
case_0025,20260921T165355Z_7fe0e5,react,rule,0,True,True,0.8571,recovered,0.00350984
case_0025,20260921T170521Z_70ca96,react,numbers,0,True,True,0.8571,recovered,0.0037842
case_0025,20260921T170900Z_4c6873,react,off,0,False,False,0.0,rejected,0.07528
case_0025,20260921T171116Z_79e4eb,static,rule,1,True,True,0.8571,recovered,0.0018168
case_0025,20260921T171509Z_3d555e,react,numbers,1,True,True,0.5714,recovered,0.080134
case_0025,20260921T172509Z_31252f,static,numbers,0,True,True,0.8571,recovered,0.014277
case_0026,20260921T024111Z_0ead1c,react,numbers,0,,,,,0.0
case_0026,20260921T024111Z_fb0c2f,react,numbers,0,,,,,0.0
case_0026,20260921T132325Z_5fce74,react,numbers,0,True,True,0.8571,recovered,0.097415
case_0026,20260921T134446Z_18ad7c,react,numbers,0,True,True,0.75,recovered,0.0032817799999999998
case_0026,20260921T134513Z_36b3cd,react,rule,0,True,True,0.5714,recovered,0.00365308
case_0026,20260921T135232Z_a2e3c6,static,rule,1,True,True,0.75,recovered,0.0018935999999999998
case_0026,20260921T135247Z_2b5559,react,numbers,1,True,True,0.75,recovered,0.0029464399999999994
case_0026,20260921T140815Z_9aa635,static,off,0,True,True,0.75,recovered,0.0018874
case_0026,20260921T143100Z_5d8188,static,rule,1,True,True,0.75,recovered,0.014717
case_0026,20260921T143426Z_eba4a8,static,numbers,1,True,True,0.75,recovered,0.0018728000000000002
case_0026,20260921T143830Z_b60ba3,static,numbers,0,True,True,0.5714,recovered,0.015227
case_0026,20260921T145033Z_1b0d0d,react,rule,1,True,True,0.8571,recovered,0.00307454
case_0026,20260921T145136Z_db0825,static,numbers,1,True,True,0.6667,recovered,0.013862
case_0026,20260921T151537Z_b08d53,react,rule,0,True,True,0.5714,recovered,0.073853
case_0026,20260921T153919Z_2bd598,react,off,0,True,True,0.8571,recovered,0.0039132
case_0026,20260921T154036Z_3b6344,static,numbers,0,True,True,0.75,recovered,0.0018164000000000001
case_0026,20260921T155810Z_a58e79,react,off,0,False,False,0.0,rejected,0.149959
case_0026,20260921T162101Z_072fe8,react,rule,1,True,True,0.6667,recovered,0.048754
case_0026,20260921T163829Z_982653,static,off,1,False,False,0.0,rejected,0.012865
case_0026,20260921T163925Z_3be3b6,react,off,1,False,False,0.0,rejected,0.092051
case_0026,20260921T164329Z_2f14d6,static,rule,0,True,True,0.8571,recovered,0.014237
case_0026,20260921T165728Z_ffc99f,static,rule,0,True,True,0.6667,recovered,0.0019692
case_0026,20260921T170041Z_fd9889,static,off,0,False,False,0.0,rejected,0.012455
case_0026,20260921T170552Z_f912f0,react,off,1,False,False,0.0,rejected,0.0028884400000000004
case_0026,20260921T171231Z_977f32,react,numbers,1,True,True,0.6667,recovered,0.047788
case_0026,20260921T172459Z_2b5120,static,off,1,True,True,0.6667,recovered,0.0020242000000000003
case_0027,20260921T133925Z_e62093,static,off,0,False,False,0.0,rejected,0.012495
case_0027,20260921T134748Z_60577d,static,rule,1,True,True,0.75,recovered,0.014187
case_0027,20260921T140446Z_433720,react,rule,1,True,True,0.8571,recovered,0.00351658
case_0027,20260921T141810Z_91f50b,react,rule,1,True,True,0.5714,recovered,0.064833
case_0027,20260921T142115Z_f83563,react,off,1,True,True,0.75,recovered,0.00372068
case_0027,20260921T144317Z_5e78f4,static,rule,0,True,True,0.75,recovered,0.0018288
case_0027,20260921T144851Z_956e8e,static,rule,1,True,True,0.75,recovered,0.00068346
case_0027,20260921T150615Z_07b44e,react,numbers,0,True,True,0.8571,recovered,0.082509
case_0027,20260921T150711Z_11131a,react,numbers,1,True,True,0.75,recovered,0.053299
case_0027,20260921T152017Z_e5e361,react,off,0,True,True,0.6667,recovered,0.094428
case_0027,20260921T152551Z_93ff9e,react,off,1,False,False,0.0,rejected,0.085126
case_0027,20260921T153135Z_d90815,react,numbers,1,True,True,0.8571,recovered,0.00371374
case_0027,20260921T153246Z_92743b,static,numbers,0,True,True,0.8571,recovered,0.015282
case_0027,20260921T154703Z_cb11ef,static,numbers,1,True,True,0.8571,recovered,0.013977
case_0027,20260921T155306Z_7662de,static,rule,0,True,False,0.8571,recovered,0.014232
case_0027,20260921T160705Z_7ba0ed,static,numbers,1,True,True,0.75,recovered,0.0018344000000000001
case_0027,20260921T162117Z_58fe23,static,off,1,True,True,0.75,recovered,0.001963
case_0027,20260921T163547Z_7347ae,static,numbers,0,,,,,0.00033277999999999997
case_0027,20260921T163550Z_c73d47,static,numbers,0,True,True,0.75,recovered,0.00072398
case_0027,20260921T164231Z_066455,react,rule,0,True,True,0.75,recovered,0.0034715600000000003
case_0027,20260921T164413Z_5ce828,static,off,0,True,True,0.75,recovered,0.0006094
case_0027,20260921T164536Z_30bb7a,static,off,1,False,False,0.0,rejected,0.012295
case_0027,20260921T164558Z_27f9dd,react,numbers,0,True,True,0.8571,recovered,0.00362872
case_0027,20260921T165501Z_69d379,react,rule,0,True,True,0.6667,recovered,0.057463
case_0027,20260921T171824Z_77e091,react,off,0,False,False,0.0,rejected,0.0026047199999999996
case_0028,20260921T134954Z_4b5c6e,react,numbers,0,True,True,0.8571,recovered,0.0035085199999999998
case_0028,20260921T135445Z_429eb1,react,numbers,0,True,True,0.75,recovered,0.104475
case_0028,20260921T140757Z_9e70d9,react,off,1,True,True,0.6667,recovered,0.003213
case_0028,20260921T140901Z_6cf6a4,react,rule,1,True,True,0.8,recovered,0.040976
case_0028,20260921T140936Z_1a7712,static,numbers,0,True,True,0.6667,recovered,0.00182
case_0028,20260921T141716Z_4de01c,react,rule,0,True,True,0.75,recovered,0.00352348
case_0028,20260921T143512Z_47e478,static,off,0,True,True,0.5,recovered,0.001825
case_0028,20260921T143517Z_cdabfd,react,off,0,True,True,0.75,recovered,0.00361344
case_0028,20260921T144912Z_71647b,react,off,0,False,False,0.0,rejected,0.105957
case_0028,20260921T145024Z_d1f355,static,numbers,1,True,True,0.75,recovered,0.014467
case_0028,20260921T151632Z_dd14ea,static,rule,1,True,True,0.8571,recovered,0.014282
case_0028,20260921T151653Z_8408ef,react,numbers,1,True,True,0.8571,recovered,0.00365136
case_0028,20260921T152802Z_abb611,static,numbers,1,True,True,0.6667,recovered,0.001904
case_0028,20260921T152903Z_079416,static,rule,0,True,True,0.8571,recovered,0.015052
case_0028,20260921T154135Z_e0b44d,static,off,1,False,False,0.0,rejected,0.01289
case_0028,20260921T154326Z_17cccb,static,rule,1,,,,,0.0112236
case_0028,20260921T154713Z_422a48,react,off,1,True,True,0.3333,recovered,0.091478
case_0028,20260921T155317Z_9ebde2,react,rule,1,True,True,0.75,recovered,0.00335688
case_0028,20260921T160045Z_59d1d0,static,off,1,True,True,0.6667,recovered,0.001897
case_0028,20260921T162651Z_dbc7e4,static,rule,0,,,,,0.001926
case_0028,20260921T162656Z_97c537,static,rule,0,True,True,0.5,recovered,0.00064866
case_0028,20260921T163634Z_0050ee,static,off,0,False,False,0.0,rejected,0.012325
case_0028,20260921T164927Z_3a78c7,static,numbers,0,True,True,0.8571,recovered,0.014557
case_0028,20260921T165106Z_51617e,react,numbers,1,True,True,0.75,recovered,0.084273
case_0028,20260921T171029Z_3044d9,react,rule,0,True,True,0.75,recovered,0.078955
case_0029,20260921T133955Z_dd7ec7,react,rule,1,True,True,0.75,recovered,0.00403068
case_0029,20260921T134017Z_58c8c4,react,numbers,1,True,True,0.8571,recovered,0.086071
case_0029,20260921T134902Z_00f068,static,off,1,True,True,0.75,recovered,0.0018394000000000001
case_0029,20260921T141320Z_cdf08b,react,rule,1,True,True,0.8571,recovered,0.086503
case_0029,20260921T141403Z_2f1466,react,off,1,False,False,0.0,rejected,0.0026741399999999998
case_0029,20260921T141837Z_586605,static,off,0,True,True,0.6667,recovered,0.0006106
case_0029,20260921T143654Z_0ab5e7,static,off,0,False,False,0.0,rejected,0.0129
case_0029,20260921T144557Z_e71144,react,off,0,False,False,0.0,rejected,0.086129
case_0029,20260921T144857Z_aca402,react,numbers,0,True,True,0.8571,recovered,0.0031802
case_0029,20260921T145839Z_170c96,static,rule,0,True,False,0.6667,recovered,0.013912
case_0029,20260921T150642Z_643cb7,static,numbers,0,True,True,0.8571,recovered,0.014812
case_0029,20260921T151331Z_220cb6,react,off,0,True,True,0.6667,recovered,0.0035868200000000005
case_0029,20260921T151554Z_4605ab,react,rule,0,True,True,0.75,recovered,0.00377858
case_0029,20260921T153339Z_b59d04,static,rule,0,True,True,0.75,recovered,0.00183
case_0029,20260921T153822Z_b78d72,react,rule,0,True,True,0.6667,recovered,0.091816
case_0029,20260921T154617Z_afab34,static,numbers,0,True,True,0.75,recovered,0.0018284
case_0029,20260921T154934Z_d31063,static,off,1,False,False,0.0,rejected,0.0127
case_0029,20260921T155834Z_bb2aac,static,numbers,1,True,True,0.75,recovered,0.014362
case_0029,20260921T160841Z_260c73,static,rule,1,True,True,0.75,recovered,0.014382
case_0029,20260921T164435Z_440705,react,off,1,False,False,0.0,rejected,0.065273
case_0029,20260921T164711Z_155a20,static,rule,1,True,True,0.75,recovered,0.0018407999999999999
case_0029,20260921T165533Z_5fc1bf,static,numbers,1,True,True,0.75,recovered,0.00182
case_0029,20260921T172336Z_df2e41,react,numbers,1,True,True,0.75,recovered,0.0038166199999999997
case_0029,20260921T172741Z_684c78,react,numbers,0,True,False,0.8,recovered,0.151126
case_0030,20260921T132348Z_2512d0,static,rule,0,True,True,0.8571,recovered,0.013922
case_0030,20260921T132934Z_8576c2,react,off,0,False,False,0.0,rejected,0.133299
case_0030,20260921T134300Z_2a65f0,static,off,1,False,False,0.0,rejected,0.012215
case_0030,20260921T134357Z_923418,react,off,1,True,True,0.5,recovered,0.00399764
case_0030,20260921T135603Z_b6b1a7,react,rule,1,True,True,0.5714,not_recovered,0.060011
case_0030,20260921T135928Z_38239a,static,off,0,True,True,0.5,recovered,0.0018202000000000001
case_0030,20260921T145453Z_6ab359,static,rule,1,True,True,0.75,recovered,0.002034
case_0030,20260921T150002Z_2f170a,static,off,0,False,False,0.0,rejected,0.01324
case_0030,20260921T150443Z_3f8ca3,react,off,1,True,True,0.5714,recovered,0.095269
case_0030,20260921T152826Z_802bdb,react,rule,0,True,True,0.8,recovered,0.084341
case_0030,20260921T153938Z_17d4bf,react,numbers,1,True,True,0.75,recovered,0.0036648
case_0030,20260921T160301Z_50d095,react,numbers,1,True,True,1.0,recovered,0.082726
case_0030,20260921T161016Z_dffb66,static,numbers,1,True,False,0.8571,recovered,0.015117
case_0030,20260921T161210Z_a3d418,static,numbers,1,True,True,0.6667,recovered,0.0019868000000000004
case_0030,20260921T162823Z_ff6331,react,rule,0,True,True,0.6667,rejected,0.00419396
case_0030,20260921T163121Z_a84a9a,static,numbers,0,,,,,0.00996998
case_0030,20260921T163202Z_17d2a2,react,numbers,0,True,True,0.5714,recovered,0.101535
case_0030,20260921T163515Z_97b179,static,rule,0,True,True,0.6667,recovered,0.0019416
case_0030,20260921T165340Z_e8fa60,static,rule,1,True,True,0.8571,recovered,0.013917
case_0030,20260921T165747Z_e376de,react,rule,1,,,,,0.00158286
case_0030,20260921T165825Z_23026c,react,rule,1,True,True,0.8571,recovered,0.00355408
case_0030,20260921T170536Z_0f4022,react,numbers,0,True,True,0.5714,recovered,0.00358554
case_0030,20260921T170645Z_f02ee4,static,off,1,True,True,0.75,recovered,0.0019822000000000004
case_0030,20260921T171852Z_8fbc10,static,numbers,0,True,True,0.8571,recovered,0.014862
case_0030,20260921T172107Z_f074ec,react,off,0,False,False,0.0,rejected,0.00245578
case_0031,20260921T135343Z_0b1187,react,off,1,False,False,0.0,rejected,0.00379958
case_0031,20260921T140147Z_e90010,react,off,1,False,False,0.0,rejected,0.088113
case_0031,20260921T140648Z_e62b66,static,numbers,1,True,True,0.8571,recovered,0.014222
case_0031,20260921T140918Z_4a23f2,react,numbers,1,True,True,0.75,recovered,0.055099
case_0031,20260921T141342Z_5e70fb,static,off,0,True,True,0.6667,recovered,0.001903
case_0031,20260921T144435Z_2edd04,react,numbers,0,True,True,0.8571,recovered,0.072387
case_0031,20260921T144830Z_e01743,static,rule,0,True,True,0.5714,recovered,0.013817
case_0031,20260921T151350Z_c904ae,static,off,0,False,False,0.0,rejected,0.012575
case_0031,20260921T152126Z_48395d,react,numbers,1,True,True,0.8571,recovered,0.0030258800000000003
case_0031,20260921T152407Z_ff2fac,static,numbers,0,True,True,0.75,recovered,0.0018272
case_0031,20260921T153028Z_b43d93,static,rule,0,True,True,0.75,recovered,0.0018972000000000001
case_0031,20260921T154010Z_ce90be,static,rule,1,True,True,0.5714,recovered,0.014017
case_0031,20260921T154309Z_e5c5fb,react,rule,0,True,True,0.8571,recovered,0.060595
case_0031,20260921T154505Z_16e584,static,off,1,False,False,0.0,rejected,0.01277
case_0031,20260921T161302Z_026af6,react,off,0,False,False,0.0,rejected,0.00230308
case_0031,20260921T161519Z_4d5d07,static,numbers,0,True,True,0.75,recovered,0.015807
case_0031,20260921T162223Z_8b9bd9,react,off,0,,,,,0.139193
case_0031,20260921T162423Z_39874d,react,rule,1,True,True,0.75,rejected,0.0043629
case_0031,20260921T162759Z_727730,react,rule,0,True,True,0.75,recovered,0.00344486
case_0031,20260921T163425Z_7074a8,static,rule,1,True,True,0.5,recovered,0.001986
case_0031,20260921T164952Z_b0d4f6,react,rule,1,True,True,0.8571,recovered,0.097883
case_0031,20260921T165842Z_1af1a1,react,numbers,0,True,True,0.8571,recovered,0.00303476
case_0031,20260921T170516Z_c9c84f,static,off,1,True,True,0.75,recovered,0.001957
case_0031,20260921T171947Z_0d6bf7,static,numbers,1,True,True,0.75,recovered,0.0018236
case_0032,20260921T024111Z_2083c1,static,off,1,,,,,0.0
case_0032,20260921T024111Z_b2e5f2,static,off,1,,,,,0.0
case_0032,20260921T132239Z_7bb2c0,static,off,1,False,False,0.0,rejected,0.012265
case_0032,20260921T134907Z_f6f845,react,rule,1,True,True,0.6667,not_recovered,0.090209
case_0032,20260921T135218Z_f9888f,react,numbers,1,True,True,0.5714,recovered,0.0027292799999999997
case_0032,20260921T135355Z_346acd,static,off,0,False,False,0.0,rejected,0.012905
case_0032,20260921T135749Z_b20c06,react,off,1,False,False,0.0,rejected,0.061681
case_0032,20260921T140830Z_ce6c57,react,off,1,True,True,0.8571,recovered,0.00364264
case_0032,20260921T141158Z_8d19fa,react,numbers,0,,,,,0.158748
case_0032,20260921T143309Z_f03bd7,static,rule,1,True,True,0.75,recovered,0.0018372
case_0032,20260921T143722Z_145936,static,rule,1,True,True,0.8571,recovered,0.014062
case_0032,20260921T145220Z_f87c7c,react,rule,0,True,True,1.0,recovered,0.074991
case_0032,20260921T145459Z_d0e4c4,static,rule,0,True,True,0.75,recovered,0.014352
case_0032,20260921T150731Z_37c724,static,off,0,True,True,0.75,recovered,0.0018094
case_0032,20260921T154020Z_aba41f,react,rule,1,True,True,0.8571,recovered,0.0031475400000000003
case_0032,20260921T155333Z_5a87b2,static,numbers,1,True,True,0.5714,recovered,0.014762
case_0032,20260921T155638Z_8724fe,static,rule,0,True,True,0.5,recovered,0.0019104
case_0032,20260921T160645Z_b29c44,static,numbers,0,True,True,0.75,recovered,0.014862
case_0032,20260921T161052Z_05c0c7,react,rule,0,True,True,0.8571,recovered,0.0029573200000000003
case_0032,20260921T162535Z_27818b,react,numbers,1,True,True,1.0,recovered,0.040385
case_0032,20260921T163348Z_f5220f,react,numbers,0,True,True,0.75,recovered,0.00325566
case_0032,20260921T163555Z_933264,static,numbers,0,True,True,0.75,recovered,0.001994
case_0032,20260921T163840Z_1d8266,static,numbers,1,True,True,0.75,recovered,0.00058358
case_0032,20260921T164821Z_05adcf,react,off,0,False,False,0.0,rejected,0.00250748
case_0032,20260921T165313Z_344328,static,off,1,True,True,0.75,recovered,0.0018766000000000002
case_0032,20260921T170724Z_f035f3,react,off,0,True,False,0.2857,rejected,0.187733
case_0033,20260921T134552Z_20a3f9,static,numbers,0,True,True,0.8571,recovered,0.015197
case_0033,20260921T134603Z_b5c4d4,react,off,0,False,False,0.0,rejected,0.11469
case_0033,20260921T135034Z_25da51,react,rule,0,True,True,0.6667,recovered,0.0037112599999999996
case_0033,20260921T135530Z_3a63e7,react,rule,0,True,True,0.75,recovered,0.093182
case_0033,20260921T135909Z_652a13,static,rule,0,True,True,0.8571,recovered,0.014222
case_0033,20260921T141046Z_2c95ea,static,rule,1,True,True,0.75,recovered,0.0019295999999999998
case_0033,20260921T144039Z_e7669b,react,numbers,0,True,True,0.6667,recovered,0.0030010799999999997
case_0033,20260921T145512Z_bf1223,static,rule,0,True,True,0.8571,recovered,0.0018804000000000002
case_0033,20260921T150255Z_13d7e5,react,off,1,True,True,0.3333,recovered,0.095284
case_0033,20260921T151359Z_3c1c7d,react,numbers,1,True,True,0.8571,recovered,0.0032194199999999997
case_0033,20260921T152540Z_fe2310,static,off,1,True,True,0.75,recovered,0.0018202000000000001
case_0033,20260921T153007Z_5c930c,static,numbers,1,True,True,0.8571,recovered,0.015222
case_0033,20260921T153257Z_0f0455,static,off,1,False,False,0.0,rejected,0.012565
case_0033,20260921T155015Z_e31cac,react,off,0,False,False,0.0,rejected,0.0030779600000000002
case_0033,20260921T160216Z_893929,static,numbers,0,True,True,0.75,recovered,0.0018332
case_0033,20260921T161104Z_88a492,static,off,0,False,False,0.0,rejected,0.011795
case_0033,20260921T161115Z_7d33ae,static,rule,1,True,True,0.75,recovered,0.014207
case_0033,20260921T161321Z_04dbb1,react,numbers,0,True,True,0.8571,recovered,0.054287
case_0033,20260921T161537Z_a0b2c5,react,numbers,1,True,True,0.5714,recovered,0.062428
case_0033,20260921T165442Z_7d8f13,react,rule,1,True,True,0.75,recovered,0.00362654
case_0033,20260921T170236Z_bdb81e,react,off,1,True,True,0.75,recovered,0.00406908
case_0033,20260921T170329Z_65adfc,static,numbers,1,True,True,0.75,recovered,0.001796
case_0033,20260921T171528Z_a9ea39,react,rule,1,True,True,0.8571,recovered,0.089101
case_0033,20260921T172636Z_08afd2,static,off,0,True,True,0.6667,recovered,0.0019858000000000002
case_0034,20260921T134427Z_b21a3d,react,off,1,True,True,0.8571,recovered,0.00381416
case_0034,20260921T134929Z_0d87df,static,off,0,False,False,0.0,rejected,0.012535
case_0034,20260921T140257Z_3b92d9,static,off,1,True,True,0.75,recovered,0.0017842000000000001
case_0034,20260921T140943Z_f92845,react,off,1,False,False,0.0,rejected,0.096004
case_0034,20260921T141308Z_92a0ba,static,numbers,0,True,True,0.75,recovered,0.014382
case_0034,20260921T142652Z_6af10c,react,off,0,True,True,0.8571,recovered,0.00416576
case_0034,20260921T143245Z_9efb64,static,rule,1,True,True,0.75,recovered,0.0018972000000000001
case_0034,20260921T143849Z_f4034f,react,numbers,0,True,True,0.6667,rejected,0.00391452
case_0034,20260921T150438Z_16e94e,static,rule,0,True,True,0.8571,recovered,0.0018816
case_0034,20260921T150948Z_801315,static,off,1,False,False,0.0,rejected,0.01272
case_0034,20260921T153159Z_651cc5,react,rule,0,True,True,0.5714,recovered,0.086665
case_0034,20260921T153540Z_2fe197,static,numbers,1,True,True,0.75,recovered,0.001784
case_0034,20260921T153628Z_cdee77,react,numbers,0,True,True,0.75,recovered,0.08516
case_0034,20260921T154000Z_49707f,static,rule,1,True,False,0.5714,recovered,0.014032
case_0034,20260921T154414Z_4b7e7a,react,rule,0,True,True,0.5714,recovered,0.0033363
case_0034,20260921T154524Z_6a1fd2,static,rule,0,True,True,0.75,recovered,0.014312
case_0034,20260921T154903Z_7a7ea4,react,rule,1,True,True,0.75,recovered,0.061947
case_0034,20260921T155426Z_3dfa69,react,rule,1,True,True,0.75,rejected,0.0037510600000000005
case_0034,20260921T160751Z_27704a,static,numbers,0,True,True,0.75,recovered,0.001814
case_0034,20260921T161719Z_c2734e,react,numbers,1,True,True,0.6667,recovered,0.00404204
case_0034,20260921T162156Z_e070cb,static,off,0,True,True,0.6667,recovered,0.0018898
case_0034,20260921T164154Z_8f595a,react,off,0,False,False,0.0,rejected,0.070778
case_0034,20260921T164425Z_a32a7e,static,numbers,1,True,True,0.5714,recovered,0.014212
case_0034,20260921T172815Z_9741c8,react,numbers,1,True,True,0.5714,recovered,0.075409
case_0035,20260921T133624Z_940620,static,rule,0,True,True,0.75,recovered,0.014777
case_0035,20260921T134502Z_554d36,static,numbers,0,True,True,0.75,recovered,0.014817
case_0035,20260921T134807Z_f991e0,static,off,1,False,False,0.0,rejected,0.01216
case_0035,20260921T135052Z_92aba8,react,numbers,0,True,True,0.75,recovered,0.0025540800000000002
case_0035,20260921T140239Z_75a5e8,react,rule,1,True,True,0.75,recovered,0.0034738200000000003
case_0035,20260921T140615Z_aa73b1,react,off,0,True,True,0.6667,recovered,0.0036101999999999996
case_0035,20260921T141243Z_68d3ba,react,numbers,1,True,True,0.4444,rejected,0.0035961599999999997
case_0035,20260921T141355Z_a85bd4,static,numbers,1,True,True,0.75,recovered,0.001802
case_0035,20260921T144344Z_61a281,static,numbers,1,True,True,0.8571,recovered,0.013817
case_0035,20260921T144957Z_a77a09,react,numbers,1,True,True,0.6667,recovered,0.064819
case_0035,20260921T145705Z_e09ce8,static,off,1,True,True,0.75,recovered,0.0018694
case_0035,20260921T150919Z_279b6c,react,off,1,True,True,0.8571,recovered,0.00454988
case_0035,20260921T155217Z_786c35,react,rule,0,True,True,0.6667,recovered,0.071675
case_0035,20260921T155643Z_8aa0d8,static,off,0,True,True,0.75,recovered,0.0023134
case_0035,20260921T162549Z_fe41ab,react,rule,1,True,True,0.6667,recovered,0.085793
case_0035,20260921T162744Z_70bce3,static,rule,1,,,,,0.0019295999999999998
case_0035,20260921T162749Z_8212c4,static,rule,1,True,True,0.8571,recovered,0.00059586
case_0035,20260921T162843Z_9d8a70,react,off,0,True,True,0.5714,recovered,0.119952
case_0035,20260921T163520Z_5ed2e7,static,off,0,False,False,0.0,rejected,0.012885
case_0035,20260921T163601Z_dd9d55,react,rule,0,True,True,0.8571,recovered,0.00356956
case_0035,20260921T164544Z_4d1c56,static,rule,0,True,True,0.6667,recovered,0.00080226
case_0035,20260921T165128Z_11fa9a,static,numbers,0,True,True,0.8571,recovered,0.0019496
case_0035,20260921T165553Z_a2f3a9,react,off,1,False,False,0.0,rejected,0.076501
case_0035,20260921T170347Z_59d9bc,static,rule,1,True,True,0.5714,recovered,0.014577
case_0035,20260921T171246Z_289cf0,react,numbers,0,True,True,0.8571,recovered,0.0735
case_0036,20260921T133752Z_ad2a84,react,off,1,True,True,0.6667,recovered,0.00364916
case_0036,20260921T133904Z_ae31aa,react,off,0,False,False,0.0,rejected,0.103613
case_0036,20260921T135321Z_79bb3a,react,rule,0,True,True,0.5714,recovered,0.097992
case_0036,20260921T140225Z_21e036,static,numbers,0,True,True,0.75,recovered,0.0018272
case_0036,20260921T141117Z_92de37,static,numbers,0,True,True,0.5714,recovered,0.014057
case_0036,20260921T141905Z_27dd7d,react,numbers,0,True,True,0.8571,recovered,0.0028207400000000004
case_0036,20260921T143226Z_974776,react,rule,1,True,True,0.75,recovered,0.00307372
case_0036,20260921T144217Z_bfffa2,react,numbers,1,True,True,0.5,recovered,0.00368178
case_0036,20260921T145324Z_ee3665,static,off,1,True,True,0.6667,recovered,0.0020026
case_0036,20260921T150210Z_f30185,static,numbers,1,True,True,0.75,recovered,0.0018356000000000002
case_0036,20260921T151453Z_b6b425,static,off,0,False,False,0.0,rejected,0.01246
case_0036,20260921T151742Z_b511d9,static,rule,0,True,True,0.75,recovered,0.0017988
case_0036,20260921T152305Z_6b89fa,react,rule,1,True,True,0.5714,recovered,0.087181
case_0036,20260921T152807Z_6ffb90,static,off,1,False,False,0.0,rejected,0.01256
case_0036,20260921T153512Z_391b9c,react,numbers,1,True,True,0.8571,recovered,0.118809
case_0036,20260921T153617Z_9f610d,static,rule,1,True,True,0.75,recovered,0.015042
case_0036,20260921T154433Z_7e0c06,static,numbers,1,True,True,0.75,recovered,0.014632
case_0036,20260921T154805Z_4a5286,react,rule,0,True,True,0.6667,recovered,0.0040224
case_0036,20260921T155417Z_9e0343,static,rule,0,True,True,0.75,recovered,0.014247
case_0036,20260921T162313Z_f07587,react,numbers,0,True,True,0.75,recovered,0.03834
case_0036,20260921T163041Z_a3063f,react,off,1,False,False,0.0,rejected,0.099118
case_0036,20260921T163104Z_aa2369,react,off,0,True,True,0.6667,recovered,0.00354608
case_0036,20260921T164341Z_e38ee1,static,rule,1,True,True,0.8571,recovered,0.001836
case_0036,20260921T170650Z_a38091,static,off,0,True,True,0.75,recovered,0.0020542000000000004
case_0037,20260921T133740Z_89cd53,static,numbers,1,False,False,0.0,rejected,0.013808
case_0037,20260921T133811Z_f92719,react,numbers,1,True,True,0.6667,recovered,0.072664
case_0037,20260921T141001Z_b274e8,static,rule,0,True,True,0.75,recovered,0.014438
case_0037,20260921T141018Z_c2c2b2,react,numbers,1,True,True,0.75,recovered,0.00398786
case_0037,20260921T141059Z_2f8d0f,react,off,1,True,True,0.8571,recovered,0.00362034
case_0037,20260921T143732Z_a95d04,react,numbers,0,True,True,0.8571,recovered,0.065289
case_0037,20260921T144321Z_e37dfa,react,rule,1,True,False,0.8571,recovered,0.00392072
case_0037,20260921T144807Z_bb65a5,static,numbers,0,True,True,0.75,recovered,0.0018342
case_0037,20260921T145528Z_7c569a,static,numbers,0,False,False,0.0,rejected,0.015888
case_0037,20260921T150336Z_4bab82,react,off,1,False,False,0.0,rejected,0.111397
case_0037,20260921T151155Z_dd8780,static,numbers,1,True,True,0.6667,recovered,0.0007035600000000001
case_0037,20260921T151813Z_7024e1,static,off,0,False,False,0.0,rejected,0.012761
case_0037,20260921T153053Z_229b74,react,rule,1,True,True,0.8571,recovered,0.083594
case_0037,20260921T153544Z_534d78,static,rule,1,True,True,0.75,recovered,0.0020038
case_0037,20260921T153717Z_b14578,static,rule,0,,,,,0.00997024
case_0037,20260921T160419Z_02c1d5,react,off,0,True,True,0.8571,recovered,0.0032771600000000003
case_0037,20260921T162414Z_e8f419,static,off,1,False,False,0.0,rejected,0.013146
case_0037,20260921T163403Z_290140,react,off,0,True,True,0.5714,recovered,0.091263
case_0037,20260921T163620Z_a04c52,static,rule,1,True,True,0.75,recovered,0.014728
case_0037,20260921T164615Z_67093b,react,rule,0,True,True,0.8571,recovered,0.067443
case_0037,20260921T165709Z_293a8b,react,numbers,0,True,True,0.2857,recovered,0.0034453400000000003
case_0037,20260921T165857Z_471f1b,react,rule,0,True,True,0.8571,recovered,0.00323168
case_0037,20260921T165958Z_8e3816,static,off,0,,,,,0.011214799999999999
case_0037,20260921T173132Z_d7d896,static,off,1,True,True,0.75,recovered,0.0018524000000000001
case_0038,20260921T134044Z_195840,static,rule,0,True,True,0.8571,recovered,0.014043
case_0038,20260921T135902Z_76c42b,static,off,0,False,False,0.0,rejected,0.012131
case_0038,20260921T140422Z_49bce2,react,rule,0,True,True,1.0,recovered,0.092206
case_0038,20260921T142451Z_6689f0,react,rule,0,True,True,0.5714,recovered,0.00370104
case_0038,20260921T143040Z_ed0557,react,off,0,True,True,0.5714,recovered,0.085334
case_0038,20260921T143358Z_ba7c52,react,rule,1,True,True,0.8571,recovered,0.08658
case_0038,20260921T143704Z_bd6c11,static,off,1,False,False,0.0,rejected,0.012291
case_0038,20260921T145354Z_639506,react,rule,1,True,True,0.8571,recovered,0.002968
case_0038,20260921T145743Z_4d2e85,static,rule,0,,,,,0.0112234
case_0038,20260921T152643Z_9e11ac,react,numbers,1,True,True,1.0,recovered,0.08969
case_0038,20260921T153002Z_41ed4b,static,numbers,0,True,True,0.6667,recovered,0.0019038000000000002
case_0038,20260921T153910Z_84d990,static,rule,1,True,True,0.75,recovered,0.014503
case_0038,20260921T155056Z_3cec83,react,numbers,0,True,True,0.8571,recovered,0.092452
case_0038,20260921T161028Z_3c5cfe,react,off,1,True,True,0.8571,recovered,0.00416846
case_0038,20260921T161952Z_379e5f,react,off,0,True,True,0.6667,rejected,0.00496156
case_0038,20260921T164459Z_8606f5,react,numbers,0,True,True,0.8571,recovered,0.00295042
case_0038,20260921T164758Z_cb1bad,react,numbers,1,True,True,0.8571,recovered,0.00296934
case_0038,20260921T165204Z_b5b357,react,off,1,True,False,0.5,rejected,0.114224
case_0038,20260921T170216Z_8b3ad5,static,rule,1,True,True,0.75,recovered,0.0018406
case_0038,20260921T170424Z_f49f8d,static,off,1,True,True,0.75,recovered,0.0018164000000000001
case_0038,20260921T170713Z_f0b1a1,static,numbers,1,True,False,0.6667,recovered,0.014393
case_0038,20260921T171810Z_255bd7,static,numbers,0,True,True,0.5714,recovered,0.015903
case_0038,20260921T172217Z_fd1f0f,static,numbers,1,,,,,0.0112206
case_0038,20260921T172518Z_5f4d69,static,off,0,True,True,0.75,recovered,0.00060098
case_0039,20260921T133723Z_9dfcbf,static,rule,1,True,True,0.0,recovered,0.0017985999999999998
case_0039,20260921T135623Z_eee588,static,numbers,1,,,,,0.0015414
case_0039,20260921T135626Z_1cf5e2,static,numbers,1,,,,,0.00032315999999999996
case_0039,20260921T135819Z_0514bb,react,numbers,0,True,True,0.5714,recovered,0.00350094
case_0039,20260921T141147Z_d51773,static,numbers,0,True,True,0.8571,recovered,0.014363
case_0039,20260921T141520Z_85f9be,react,off,1,True,True,0.75,recovered,0.0046984800000000005
case_0039,20260921T150012Z_87102f,react,off,1,False,False,0.0,rejected,0.108128
case_0039,20260921T151210Z_019504,static,off,0,False,False,0.0,rejected,0.012661
case_0039,20260921T151233Z_0c10d6,static,rule,0,True,True,0.75,recovered,0.014273
case_0039,20260921T151642Z_b356db,static,numbers,0,,,,,0.001563
case_0039,20260921T151645Z_e382e2,static,numbers,0,True,True,0.75,recovered,0.0009339600000000001
case_0039,20260921T153412Z_28f13d,static,off,1,,,,,0.0016352
case_0039,20260921T153417Z_e9448f,static,off,1,True,True,0.75,recovered,0.0006837799999999999
case_0039,20260921T153424Z_b5f35a,react,off,0,False,False,0.0,rejected,0.113031
case_0039,20260921T160243Z_805d7b,react,rule,1,True,True,0.8571,recovered,0.0036945
case_0039,20260921T161913Z_049b78,react,rule,1,True,True,0.75,recovered,0.080328
case_0039,20260921T162252Z_50595c,static,numbers,1,True,True,0.8571,recovered,0.015068
case_0039,20260921T162448Z_0dff3f,static,rule,1,True,True,0.8571,recovered,0.014038
case_0039,20260921T162642Z_af2fbc,static,rule,0,,,,,0.0015298
case_0039,20260921T162645Z_04d506,static,rule,0,True,True,0.75,recovered,0.00068824
case_0039,20260921T164058Z_0ac0e4,react,numbers,1,True,True,1.0,recovered,0.05815
case_0039,20260921T165609Z_dfb1b6,react,rule,0,True,True,0.8571,recovered,0.0045656
case_0039,20260921T170110Z_30bed6,react,numbers,0,True,True,0.6667,recovered,0.085529
case_0039,20260921T170203Z_c2df68,static,off,1,False,False,0.0,rejected,0.014776
case_0039,20260921T171440Z_7fdee6,react,rule,0,True,True,1.0,recovered,0.067924
case_0039,20260921T171921Z_92ea12,react,off,0,True,True,0.8571,recovered,0.00425062
case_0039,20260921T172402Z_b19d2a,static,off,0,True,True,0.5,recovered,0.0018584
case_0039,20260921T172534Z_0d1e37,react,numbers,1,True,True,0.75,recovered,0.00369436
case_0040,20260921T135813Z_6f565d,static,rule,0,True,True,0.8571,recovered,0.001867
case_0040,20260921T142151Z_9b793d,react,rule,1,True,True,0.75,recovered,0.068467
case_0040,20260921T145145Z_1f3dfd,static,off,1,True,True,0.75,recovered,0.0018968000000000001
case_0040,20260921T145244Z_ac57ff,react,numbers,1,True,True,0.75,recovered,0.0038207600000000003
case_0040,20260921T145544Z_7a41cb,static,numbers,1,True,True,0.75,recovered,0.002133
case_0040,20260921T150512Z_b45a37,static,rule,0,True,True,0.75,recovered,0.015058
case_0040,20260921T151129Z_0b8602,react,off,1,False,False,0.0,rejected,0.095611
case_0040,20260921T151433Z_b7efab,static,off,0,False,False,0.0,rejected,0.012386
case_0040,20260921T151442Z_c3e1be,static,numbers,0,True,True,0.75,recovered,0.0005415600000000001
case_0040,20260921T151517Z_9cb1ad,react,numbers,0,True,True,0.6667,recovered,0.056709
case_0040,20260921T154639Z_9f71ea,static,numbers,1,False,False,0.0,rejected,0.012728
case_0040,20260921T155146Z_90af43,react,off,0,False,False,0.0,rejected,0.133382
case_0040,20260921T155651Z_63a6c1,react,off,1,True,True,0.75,rejected,0.02745218
case_0040,20260921T160152Z_8a00cf,react,off,0,True,True,0.8571,recovered,0.00351542
case_0040,20260921T161111Z_12f8d7,static,off,0,True,True,0.75,recovered,0.0018488000000000003
case_0040,20260921T161216Z_007e4e,react,rule,1,True,False,0.8571,recovered,0.0038281599999999997
case_0040,20260921T164127Z_2c4382,static,off,1,False,False,0.0,rejected,0.012766
case_0040,20260921T164451Z_8bbc1d,static,numbers,0,False,False,0.0,rejected,0.012423
case_0040,20260921T164909Z_8428d5,react,numbers,0,True,True,0.5,recovered,0.00386896
case_0040,20260921T170306Z_069f3a,react,numbers,1,True,True,0.5714,recovered,0.071316
case_0040,20260921T171120Z_aff601,react,rule,0,True,True,0.6667,recovered,0.108163
case_0040,20260921T171623Z_e49f68,react,rule,0,True,True,0.8571,recovered,0.0191879
case_0040,20260921T172138Z_fd685e,static,rule,1,,,,,0.0015622000000000001
case_0040,20260921T172141Z_8c2881,static,rule,1,True,True,0.8571,recovered,0.00060304
case_0040,20260921T172406Z_140783,static,rule,1,False,False,0.0,rejected,0.013908
case_0041,20260921T133046Z_081d94,react,off,1,True,True,0.8571,recovered,0.00352388
case_0041,20260921T134346Z_364f82,static,numbers,1,True,True,1.0,recovered,0.014328
case_0041,20260921T140230Z_1a632a,static,numbers,0,False,False,0.0,rejected,0.012818
case_0041,20260921T141417Z_806728,static,numbers,0,,,,,0.0018774
case_0041,20260921T141422Z_f34779,static,numbers,0,True,True,0.6667,recovered,0.00070116
case_0041,20260921T141507Z_1f5538,static,numbers,1,True,True,0.75,recovered,0.00060636
case_0041,20260921T141606Z_15de9a,react,numbers,0,True,True,0.5714,recovered,0.04171
case_0041,20260921T141741Z_42a690,react,off,1,,,,,0.150744
case_0041,20260921T144811Z_6341a9,react,numbers,1,True,True,0.75,recovered,0.0038459999999999996
case_0041,20260921T145101Z_115fa5,static,rule,1,True,True,0.75,recovered,0.0018922000000000001
case_0041,20260921T145623Z_1edc79,static,off,1,True,False,0.3333,rejected,0.015756
case_0041,20260921T150652Z_f01a6a,react,rule,0,True,True,0.6667,recovered,0.076786
case_0041,20260921T153327Z_3112ce,static,off,0,False,False,0.0,rejected,0.014686
case_0041,20260921T153658Z_19513b,react,off,0,True,True,0.5,recovered,0.00303394
case_0041,20260921T155238Z_86f25c,react,rule,1,True,True,0.8571,recovered,0.086056
case_0041,20260921T155844Z_b9b974,react,rule,0,True,True,0.5714,recovered,0.0037042200000000003
case_0041,20260921T160450Z_50a98c,react,off,0,,,,,
case_0041,20260921T160622Z_0cca62,react,off,0,False,False,0.0,rejected,0.092397
case_0041,20260921T160949Z_09b1e4,static,rule,1,True,True,0.8571,recovered,0.014203
case_0041,20260921T161145Z_33cd5a,static,off,0,,,,,0.001544
case_0041,20260921T161148Z_9e8b17,static,off,0,True,True,0.5,recovered,0.00116498
case_0041,20260921T162955Z_e00e34,static,rule,0,True,False,0.8571,recovered,0.014433
case_0041,20260921T163236Z_2c32d2,react,rule,1,True,True,0.5714,recovered,0.00355484
case_0041,20260921T163435Z_8a7413,static,rule,0,,,,,0.0112234
case_0041,20260921T164148Z_e0cc12,static,off,1,True,True,0.8571,recovered,0.00077138
case_0041,20260921T165920Z_5cad85,react,numbers,1,True,True,1.0,recovered,0.067615
case_0041,20260921T171747Z_e2536c,react,numbers,0,True,True,0.8571,recovered,0.00377118
case_0042,20260921T132911Z_48bb44,react,off,1,True,True,0.6667,rejected,0.114164
case_0042,20260921T133832Z_c67ad1,react,rule,0,True,False,0.5714,recovered,0.084829
case_0042,20260921T134308Z_40a6f6,react,numbers,1,True,True,0.6667,recovered,0.101919
case_0042,20260921T140510Z_b6d1b1,react,off,1,,,,,0.00433304
case_0042,20260921T142746Z_383ea9,react,numbers,0,True,True,0.6667,recovered,0.0035732999999999997
case_0042,20260921T143114Z_988c25,react,off,0,False,False,0.0,rejected,0.0022371799999999996
case_0042,20260921T144354Z_6fed62,react,off,0,False,False,0.0,rejected,0.063537
case_0042,20260921T144408Z_aaa83a,static,off,0,False,False,0.0,rejected,0.012266
case_0042,20260921T145423Z_a7bb93,react,numbers,1,True,True,0.8571,recovered,0.00253904
case_0042,20260921T151836Z_92c352,static,numbers,0,,,,,0.001665
case_0042,20260921T151840Z_167b32,static,numbers,0,,,,,0.00066396
case_0042,20260921T152055Z_cbf84c,react,rule,1,True,False,0.6667,recovered,0.072463
case_0042,20260921T152113Z_62613b,static,rule,0,True,True,0.75,recovered,0.0018262
case_0042,20260921T152215Z_cf46ab,react,rule,0,True,True,0.5,recovered,0.00397514
case_0042,20260921T153344Z_f9dde5,static,rule,1,True,True,0.8571,recovered,0.014683
case_0042,20260921T153651Z_926ee1,static,off,1,True,True,0.5,recovered,0.0020276
case_0042,20260921T154513Z_74aedd,static,numbers,1,,,,,0.0005295600000000001
case_0042,20260921T154517Z_548db8,static,numbers,1,True,True,0.75,recovered,0.00089316
case_0042,20260921T154655Z_81eabb,static,numbers,0,False,False,0.0,rejected,0.012388
case_0042,20260921T155606Z_d0c49c,static,rule,1,,,,,0.0017842000000000001
case_0042,20260921T155611Z_b0a23a,static,rule,1,True,True,0.75,recovered,0.00062464
case_0042,20260921T160908Z_1694d2,static,numbers,1,True,True,0.75,recovered,0.015038
case_0042,20260921T163855Z_32296a,static,off,1,False,False,0.0,rejected,0.012331
case_0042,20260921T164117Z_e397b7,static,rule,0,True,True,0.6667,recovered,0.014053
case_0042,20260921T171051Z_69cde9,static,off,0,True,True,0.75,recovered,0.00176
case_0042,20260921T172033Z_ca99d8,react,rule,1,True,True,0.8571,recovered,0.0032753400000000003
case_0042,20260921T172302Z_337fb1,react,numbers,0,True,True,0.8571,recovered,0.073024
case_0043,20260921T134656Z_127782,static,off,1,False,False,0.0,rejected,0.013171
case_0043,20260921T135517Z_91c574,static,numbers,1,True,True,0.5,recovered,0.015023
case_0043,20260921T140403Z_368e77,static,off,0,True,False,0.0,rejected,0.013331
case_0043,20260921T141442Z_f81df3,react,off,0,True,True,0.75,recovered,0.00371344
case_0043,20260921T143250Z_10b8da,react,rule,0,True,False,0.6667,recovered,0.053814
case_0043,20260921T143957Z_ec1121,static,rule,1,True,True,0.8571,recovered,0.014278
case_0043,20260921T150533Z_6db116,react,off,1,True,True,0.8571,recovered,0.00362142
case_0043,20260921T151003Z_c08333,static,rule,0,True,True,0.8571,recovered,0.014538
case_0043,20260921T151954Z_17b3f4,react,numbers,0,True,False,0.6667,recovered,0.0038418999999999997
case_0043,20260921T153843Z_553bd0,static,off,1,True,True,0.5,recovered,0.0019568000000000003
case_0043,20260921T154923Z_471aeb,static,numbers,0,True,True,0.6667,recovered,0.014228
case_0043,20260921T155536Z_1f9ad5,react,numbers,1,True,True,0.5714,recovered,0.092257
case_0043,20260921T160051Z_cdeffc,react,off,1,False,False,0.0,rejected,0.101504
case_0043,20260921T160229Z_2bffa2,react,rule,1,True,True,0.75,recovered,0.00308432
case_0043,20260921T161337Z_7dd85e,static,numbers,1,,,,,0.0112206
case_0043,20260921T162024Z_937bb5,react,rule,1,True,True,0.75,recovered,0.091876
case_0043,20260921T163014Z_f42ae3,react,numbers,0,True,True,0.6667,recovered,0.088001
case_0043,20260921T163304Z_3b85bb,react,numbers,1,True,True,0.8571,recovered,0.00422098
case_0043,20260921T164249Z_763a11,static,rule,0,,,,,0.0112234
case_0043,20260921T164715Z_9bfd89,static,rule,1,,,,,0.00997024
case_0043,20260921T165350Z_8b5234,static,off,0,True,True,0.75,recovered,0.0020072
case_0043,20260921T170359Z_8207ec,react,off,0,False,False,0.0,rejected,0.101934
case_0043,20260921T172123Z_b74289,react,rule,0,True,True,0.8571,recovered,0.0031143
case_0043,20260921T173030Z_9cf679,static,numbers,0,,,,,0.0015402
case_0043,20260921T173033Z_92c016,static,numbers,0,True,True,0.6667,recovered,0.00072636
case_0044,20260921T134734Z_68fbfe,static,off,1,,,,,0.0016724
case_0044,20260921T134737Z_36f8ea,static,off,1,True,True,0.5714,recovered,0.00072218
case_0044,20260921T135428Z_84fc20,react,off,1,True,True,0.8571,recovered,0.00342058
case_0044,20260921T135848Z_03979f,static,off,0,False,False,0.0,rejected,0.012841
case_0044,20260921T141428Z_64cca2,react,off,0,False,False,0.0,rejected,0.060745
case_0044,20260921T141842Z_087612,static,off,0,True,True,0.6667,recovered,0.0018896000000000002
case_0044,20260921T142619Z_5640ef,static,off,1,False,False,0.0,rejected,0.012666
case_0044,20260921T142804Z_72854b,static,numbers,1,,,,,0.0112206
case_0044,20260921T142936Z_9fb062,static,numbers,0,True,True,0.8571,recovered,0.014738
case_0044,20260921T142956Z_e8afd4,static,rule,0,True,False,0.8571,recovered,0.014968
case_0044,20260921T143448Z_fbdfea,static,rule,0,True,True,0.6667,recovered,0.0020458
case_0044,20260921T144119Z_b812cb,static,rule,1,True,True,0.8571,recovered,0.013663
case_0044,20260921T144455Z_b652a2,react,off,0,,,,,0.0036277400000000004
case_0044,20260921T151414Z_1b2246,react,rule,0,True,True,0.75,recovered,0.079891
case_0044,20260921T153230Z_3bb4ba,react,rule,1,True,True,0.8571,recovered,0.00353496
case_0044,20260921T153609Z_cc84bb,static,numbers,0,True,True,0.75,recovered,0.0019818
case_0044,20260921T154735Z_87e65b,static,rule,1,True,True,0.5,recovered,0.0018946
case_0044,20260921T160929Z_e4b046,react,numbers,1,True,True,0.75,recovered,0.068961
case_0044,20260921T161130Z_a74efa,react,rule,0,True,False,0.8571,recovered,0.00329378
case_0044,20260921T161558Z_8881b9,react,numbers,0,True,True,0.8571,recovered,0.049548
case_0044,20260921T162133Z_cb7d3b,react,numbers,0,True,True,0.8571,recovered,0.0029546600000000004
case_0044,20260921T162203Z_9d5d7d,react,rule,1,True,True,0.6667,recovered,0.058604
case_0044,20260921T170051Z_66c326,static,numbers,1,True,True,0.8571,recovered,0.014938
case_0044,20260921T171151Z_b1f856,react,off,1,False,False,0.0,rejected,0.099389
case_0044,20260921T172156Z_89866c,react,numbers,1,True,True,0.75,recovered,0.0033577800000000003
case_0045,20260921T133103Z_ca9096,static,off,0,,,,,0.0015236000000000002
case_0045,20260921T133106Z_89b245,static,off,0,True,True,0.75,recovered,0.00058178
case_0045,20260921T141704Z_bc915c,static,numbers,1,True,True,0.8571,recovered,0.014878
case_0045,20260921T141847Z_e0696a,react,off,0,False,False,0.0,rejected,0.088708
case_0045,20260921T142542Z_770925,static,rule,0,True,False,0.75,recovered,0.013973
case_0045,20260921T142614Z_247881,static,rule,0,True,True,0.75,recovered,0.001867
case_0045,20260921T142850Z_b7a480,react,off,0,True,True,0.8571,recovered,0.0034001599999999997
case_0045,20260921T143022Z_d27222,react,numbers,0,True,True,0.5714,recovered,0.066647
case_0045,20260921T143613Z_65a3f3,static,rule,1,True,False,0.8571,recovered,0.014448
case_0045,20260921T145447Z_6d7e66,static,numbers,0,True,True,0.75,recovered,0.001905
case_0045,20260921T145555Z_645832,react,numbers,1,True,True,0.75,recovered,0.053289
case_0045,20260921T151723Z_906c42,react,off,1,False,False,0.0,rejected,0.076116
case_0045,20260921T151804Z_9c3c67,static,off,1,False,False,0.0,rejected,0.012361
case_0045,20260921T152732Z_8c045a,react,rule,1,True,True,0.8571,recovered,0.00341296
case_0045,20260921T153306Z_795256,react,rule,0,True,True,0.75,recovered,0.091048
case_0045,20260921T154243Z_f48b33,react,off,1,False,False,0.0,rejected,0.00205084
case_0045,20260921T154942Z_9c935f,react,rule,1,True,True,0.75,recovered,0.068309
case_0045,20260921T155401Z_27c1bb,react,rule,0,True,True,0.75,recovered,0.00283414
case_0045,20260921T155446Z_a038f1,static,numbers,0,True,True,0.8571,recovered,0.014123
case_0045,20260921T155456Z_fb3858,static,numbers,1,True,True,0.75,recovered,0.0018462
case_0045,20260921T162303Z_a36a0c,static,off,1,,,,,0.0018692000000000001
case_0045,20260921T162308Z_a596b1,static,off,1,True,True,0.75,recovered,0.0007245800000000001
case_0045,20260921T163430Z_dcf8e2,static,rule,1,True,True,0.75,recovered,0.0018502
case_0045,20260921T163952Z_106ce6,react,numbers,1,True,True,0.6667,recovered,0.00378682
case_0045,20260921T172523Z_f7d3e0,static,off,0,False,False,0.0,rejected,0.013226
case_0045,20260921T172559Z_759698,react,numbers,0,True,True,0.8571,recovered,0.0038298399999999997
case_0046,20260921T024111Z_79c485,react,off,1,,,,,0.0
case_0046,20260921T024111Z_889877,react,off,1,,,,,0.0
case_0046,20260921T132247Z_717d61,react,off,1,False,False,0.0,rejected,0.119767
case_0046,20260921T134118Z_fe8714,react,off,1,True,True,0.75,recovered,0.0039454
case_0046,20260921T134421Z_4d5788,static,off,1,True,True,0.75,recovered,0.0019352
case_0046,20260921T134836Z_7013e1,react,rule,0,True,True,0.75,recovered,0.004376280000000001
case_0046,20260921T134938Z_097dd3,react,numbers,0,True,True,0.8571,recovered,0.0033768200000000004
case_0046,20260921T135011Z_22e744,react,rule,0,True,True,0.8571,recovered,0.080401
case_0046,20260921T135124Z_1043a7,react,off,0,False,False,0.0,rejected,0.122279
case_0046,20260921T135633Z_8392de,static,off,0,False,False,0.0,rejected,0.013276
case_0046,20260921T140658Z_6d4da5,react,rule,1,True,False,0.8571,recovered,0.00333142
case_0046,20260921T141011Z_51d8b2,static,off,1,False,False,0.0,rejected,0.011921
case_0046,20260921T141142Z_7d50ad,static,off,0,True,True,0.75,recovered,0.00057338
case_0046,20260921T143752Z_6364ad,static,numbers,1,True,True,0.5,recovered,0.014703
case_0046,20260921T143803Z_06894d,react,numbers,1,True,True,0.5714,recovered,0.08792
case_0046,20260921T144019Z_279c45,react,numbers,0,True,True,0.6667,recovered,0.075384
case_0046,20260921T151112Z_116325,static,rule,0,True,True,0.75,recovered,0.014373
case_0046,20260921T152255Z_849e86,static,rule,1,True,True,0.75,rejected,0.014688
case_0046,20260921T155040Z_7ed06b,static,numbers,0,True,True,0.8571,recovered,0.0018594
case_0046,20260921T161257Z_b6c97a,static,numbers,1,True,True,0.6667,recovered,0.00069156
case_0046,20260921T162150Z_1ed10f,static,rule,0,True,True,0.75,recovered,0.0019665999999999998
case_0046,20260921T163710Z_87cd6c,react,rule,1,True,True,0.8571,recovered,0.063537
case_0046,20260921T165518Z_1e6426,static,numbers,0,True,True,0.5,recovered,0.015843
case_0046,20260921T171837Z_182c2c,static,rule,1,,,,,0.0020494000000000003
case_0046,20260921T171843Z_31b53e,static,rule,1,True,True,0.75,recovered,0.0007578400000000001
case_0046,20260921T171951Z_a818f3,react,off,0,True,True,0.8571,recovered,0.00352126
case_0046,20260921T172617Z_910bfb,react,numbers,1,True,True,0.75,recovered,0.00352338
case_0047,20260921T133708Z_94b2d0,static,numbers,0,True,True,0.8571,recovered,0.017333
case_0047,20260921T140717Z_ab7070,static,rule,1,True,True,0.75,recovered,0.0018514
case_0047,20260921T143437Z_e57c30,static,rule,0,True,True,0.75,recovered,0.015418
case_0047,20260921T144236Z_562aac,react,numbers,0,True,True,0.6667,recovered,0.13109
case_0047,20260921T145216Z_7fb575,static,numbers,1,True,True,0.75,recovered,0.0018222
case_0047,20260921T145830Z_5e3b10,static,off,1,False,False,0.0,rejected,0.012921
case_0047,20260921T151313Z_e5498d,react,rule,1,True,True,0.75,recovered,0.0034440600000000005
case_0047,20260921T152325Z_baf533,react,off,1,True,False,0.2857,rejected,0.00329684
case_0047,20260921T153905Z_e98059,static,numbers,0,True,True,0.75,recovered,0.0018942
case_0047,20260921T154536Z_329286,react,rule,0,True,True,0.6667,recovered,0.0035115
case_0047,20260921T155257Z_a618bf,static,rule,0,,,,,0.001567
case_0047,20260921T155301Z_175876,static,rule,0,True,True,0.75,recovered,0.00067384
case_0047,20260921T155949Z_a9b05d,react,rule,1,True,True,0.8571,recovered,0.108786
case_0047,20260921T161757Z_a3af33,react,rule,0,True,True,0.6667,recovered,0.074457
case_0047,20260921T161851Z_b0275b,react,numbers,1,True,True,0.75,recovered,0.06814
case_0047,20260921T163742Z_1677a0,static,off,0,True,True,0.75,recovered,0.0018464
case_0047,20260921T163747Z_adf82f,react,off,0,False,False,0.0,rejected,0.00279812
case_0047,20260921T165537Z_db9ad1,react,off,0,False,False,0.0,rejected,0.064265
case_0047,20260921T170636Z_423aa8,static,off,0,False,False,0.0,rejected,0.013086
case_0047,20260921T170840Z_1a737f,react,numbers,0,True,True,0.8571,recovered,0.00389794
case_0047,20260921T171323Z_6b10c3,react,off,1,True,False,0.3333,rejected,0.176719
case_0047,20260921T171735Z_a163d9,static,numbers,1,True,True,0.5714,recovered,0.015173
case_0047,20260921T172150Z_c1d855,static,off,1,True,True,0.75,recovered,0.0019496
case_0047,20260921T172320Z_620d47,static,rule,1,True,True,0.6667,recovered,0.015248
case_0047,20260921T173002Z_e7caf1,react,numbers,1,True,True,0.5714,recovered,0.00397888
case_0048,20260921T135404Z_e41956,static,off,0,False,False,0.0,rejected,0.012931
case_0048,20260921T135919Z_3000e1,static,off,1,False,False,0.0,rejected,0.012771
case_0048,20260921T135950Z_e0d153,static,numbers,0,True,True,0.75,recovered,0.014853
case_0048,20260921T140203Z_338a9f,react,rule,1,True,True,0.6667,recovered,0.0035282000000000004
case_0048,20260921T142907Z_3488f6,react,numbers,0,True,True,0.75,recovered,0.06173
case_0048,20260921T143200Z_c7b3d4,react,rule,0,True,True,0.5714,recovered,0.082901
case_0048,20260921T143320Z_a1486a,react,rule,0,True,True,0.5,recovered,0.004122560000000001
case_0048,20260921T144628Z_6f1663,static,off,0,,,,,0.011214799999999999
case_0048,20260921T144718Z_a87447,static,rule,0,True,False,0.6667,recovered,0.014263
case_0048,20260921T144840Z_07fe65,static,off,1,,,,,0.00062738
case_0048,20260921T144845Z_b72417,static,off,1,,,,,0.00063938
case_0048,20260921T150114Z_76aaaf,react,numbers,1,True,True,0.8571,recovered,0.00315046
case_0048,20260921T151713Z_13be65,static,rule,1,True,True,0.8571,recovered,0.014138
case_0048,20260921T152430Z_676e9b,react,off,0,False,False,0.0,rejected,0.072709
case_0048,20260921T152929Z_e3f0b7,static,numbers,1,True,True,0.75,recovered,0.0020922
case_0048,20260921T154040Z_b56912,react,off,1,True,False,0.5,rejected,0.120955
case_0048,20260921T161456Z_2b11f8,react,off,0,True,True,0.8571,recovered,0.0038937599999999996
case_0048,20260921T162337Z_e6dde9,react,numbers,0,True,True,0.75,recovered,0.00362776
case_0048,20260921T162354Z_ea358c,react,numbers,1,True,True,0.5714,recovered,0.060879
case_0048,20260921T162908Z_448e8e,static,rule,0,,,,,0.0112234
case_0048,20260921T163326Z_347682,react,rule,1,True,True,0.8571,recovered,0.081004
case_0048,20260921T164638Z_cf25ad,static,numbers,1,True,True,0.8571,recovered,0.014468
case_0048,20260921T165415Z_0076e9,static,numbers,0,True,True,0.75,recovered,0.0018426
case_0048,20260921T165419Z_d587b4,static,rule,1,,,,,0.00028144
case_0048,20260921T165421Z_a1fd23,static,rule,1,True,True,0.75,recovered,0.0007290399999999999
case_0048,20260921T172940Z_9f625e,react,off,1,True,True,0.6667,recovered,0.00455612
case_0049,20260921T134102Z_1083e6,react,off,1,True,True,0.75,recovered,0.00330396
case_0049,20260921T134137Z_dbbb29,static,rule,0,True,True,0.75,recovered,0.0018394000000000001
case_0049,20260921T135147Z_7818a5,static,numbers,1,True,False,0.6667,recovered,0.013258
case_0049,20260921T135643Z_2c0ca9,react,numbers,1,True,True,0.75,recovered,0.00385154
case_0049,20260921T135932Z_00b62c,react,rule,0,True,True,0.8571,recovered,0.00362008
case_0049,20260921T140540Z_2fcfbf,static,numbers,0,True,True,0.75,recovered,0.014603
case_0049,20260921T140726Z_97bb4e,react,numbers,0,True,True,0.6667,recovered,0.00273126
case_0049,20260921T141133Z_bf35df,static,numbers,1,,,,,0.0018054000000000002
case_0049,20260921T141138Z_e91422,static,numbers,1,True,True,0.75,recovered,0.00059316
case_0049,20260921T141229Z_db21d7,static,rule,1,True,False,0.3333,rejected,0.015403
case_0049,20260921T143313Z_d77c7d,static,off,1,True,True,0.75,recovered,0.0020336
case_0049,20260921T144007Z_608078,static,off,0,False,False,0.0,rejected,0.013611
case_0049,20260921T144728Z_c2708f,react,off,0,True,True,0.75,recovered,0.00368596
case_0049,20260921T150032Z_8eccd4,react,rule,0,True,True,0.75,recovered,0.081483
case_0049,20260921T150237Z_89e690,static,off,0,True,True,0.6667,recovered,0.00075578
case_0049,20260921T150759Z_4da287,react,numbers,0,True,True,0.75,recovered,0.16434
case_0049,20260921T151902Z_1d1fbd,react,numbers,1,True,True,0.75,recovered,0.093344
case_0049,20260921T152704Z_745d4c,static,rule,1,True,True,0.75,recovered,0.0019594
case_0049,20260921T153117Z_c3bfd4,react,rule,1,True,True,0.75,recovered,0.061509
case_0049,20260921T155126Z_2cb9c1,react,off,0,False,False,0.0,rejected,0.109349
case_0049,20260921T160035Z_945c2f,static,numbers,0,True,True,0.75,recovered,0.0019002000000000001
case_0049,20260921T164515Z_b62420,react,off,1,False,False,0.0,rejected,0.145562
case_0049,20260921T165318Z_971355,react,rule,1,True,True,0.8571,recovered,0.0039695600000000004
case_0049,20260921T171459Z_e874d4,static,off,1,False,False,0.0,rejected,0.013221
case_0049,20260921T172448Z_675f5d,static,rule,0,True,True,0.6667,recovered,0.014138
case_0050,20260921T132853Z_ab7c96,react,rule,1,True,True,0.8571,recovered,0.00305896
case_0050,20260921T134154Z_5e92f5,react,off,0,False,False,0.0,rejected,0.083464
case_0050,20260921T135423Z_141172,static,rule,0,True,True,0.75,recovered,0.001891
case_0050,20260921T135507Z_3d7e2e,static,numbers,1,True,True,0.5714,recovered,0.013913
case_0050,20260921T135551Z_ceeec0,static,numbers,0,True,True,0.75,recovered,0.014893
case_0050,20260921T135804Z_58d624,static,numbers,1,,,,,0.0015702000000000001
case_0050,20260921T135807Z_324d8d,static,numbers,1,True,True,0.75,recovered,0.00075396
case_0050,20260921T140001Z_30c0bd,react,off,1,True,False,0.3333,rejected,0.187234
case_0050,20260921T140301Z_47277e,static,off,1,True,True,0.6667,recovered,0.0021032
case_0050,20260921T140412Z_a628e2,static,off,0,False,False,0.0,rejected,0.013086
case_0050,20260921T140739Z_ad60d0,react,numbers,0,True,True,0.8571,recovered,0.00334042
case_0050,20260921T142213Z_af81c5,react,numbers,1,True,True,0.5714,recovered,0.069017
case_0050,20260921T142713Z_725782,react,off,1,True,True,0.6667,recovered,0.0032939200000000005
case_0050,20260921T144140Z_68ddda,react,off,0,False,False,0.0,rejected,0.00136438
case_0050,20260921T144746Z_d9f595,react,rule,0,True,True,0.5714,recovered,0.061506
case_0050,20260921T144929Z_4db23d,react,rule,1,True,True,0.8571,recovered,0.07529
case_0050,20260921T145107Z_58790e,static,numbers,0,True,True,0.75,recovered,0.0019638000000000004
case_0050,20260921T145240Z_1bfbe5,static,off,0,True,True,0.75,recovered,0.0017756000000000002
case_0050,20260921T145331Z_586d19,react,numbers,0,True,True,0.5714,recovered,0.081487
case_0050,20260921T151929Z_7e1fcc,static,rule,1,True,True,0.75,recovered,0.0019546
case_0050,20260921T152118Z_263a5b,static,rule,0,True,True,0.6667,recovered,0.013648
case_0050,20260921T155004Z_4c29f9,static,rule,1,True,True,0.75,recovered,0.014873
case_0050,20260921T161933Z_40ebdb,react,rule,0,True,True,0.8571,recovered,0.00363398
case_0050,20260921T163529Z_96aa5f,react,numbers,1,True,True,0.5714,recovered,0.0038563200000000003
case_0050,20260921T165950Z_7a8d8d,static,off,1,False,False,0.0,rejected,0.012871
case_0051,20260921T133652Z_d6a145,react,off,0,False,False,0.0,rejected,0.0034697000000000005
case_0051,20260921T134211Z_275e1d,react,off,1,True,True,0.75,recovered,0.00398678
case_0051,20260921T134759Z_ed0a8e,static,off,0,False,False,0.0,rejected,0.012636
case_0051,20260921T135857Z_a5f6e9,static,rule,1,True,True,0.75,recovered,0.001855
case_0051,20260921T140309Z_175a9f,react,numbers,0,True,True,0.75,recovered,0.08743
case_0051,20260921T142045Z_4798a9,react,numbers,1,True,True,0.5714,recovered,0.050883
case_0051,20260921T143821Z_3bc7fc,static,off,1,False,False,0.0,rejected,0.012906
case_0051,20260921T144616Z_a302f2,static,numbers,1,True,True,0.75,recovered,0.014788
case_0051,20260921T145307Z_24002d,react,rule,1,True,True,0.75,recovered,0.060342
case_0051,20260921T145636Z_777438,react,rule,0,True,True,0.5714,recovered,0.096997
case_0051,20260921T145656Z_5d5227,static,rule,0,True,True,0.75,recovered,0.0020314
case_0051,20260921T151042Z_1bbcbf,react,rule,1,True,True,0.8571,recovered,0.00436508
case_0051,20260921T151219Z_7ff47a,static,numbers,0,True,True,0.75,recovered,0.0018678
case_0051,20260921T151613Z_b7ecf6,react,off,1,False,False,0.0,rejected,0.099986
case_0051,20260921T151827Z_2a7823,static,rule,1,True,True,0.8571,recovered,0.014393
case_0051,20260921T154828Z_af399b,react,numbers,1,True,True,0.75,rejected,0.00514386
case_0051,20260921T155525Z_8a28e0,static,rule,0,True,True,0.75,recovered,0.015388
case_0051,20260921T160023Z_9b4df6,static,numbers,0,True,True,0.75,recovered,0.015773
case_0051,20260921T161531Z_7b47da,static,off,0,True,True,0.75,recovered,0.0018404
case_0051,20260921T162616Z_4becbd,react,off,0,True,True,0.5714,recovered,0.08673
case_0051,20260921T165705Z_b44be0,static,off,1,True,True,0.75,recovered,0.0018068000000000001
case_0051,20260921T170333Z_1eaafe,react,numbers,0,True,True,0.75,recovered,0.003387
case_0051,20260921T170956Z_4d0116,static,numbers,1,True,True,0.75,recovered,0.0019518000000000003
case_0051,20260921T172836Z_023e9d,react,rule,0,True,True,0.8571,recovered,0.0030268800000000005
case_0052,20260921T142234Z_a19290,react,off,1,,,,,0.249432
case_0052,20260921T143455Z_02df4b,static,rule,1,True,True,0.75,recovered,0.014928
case_0052,20260921T143643Z_9da134,react,off,0,False,False,0.0,rejected,0.0018974600000000001
case_0052,20260921T144528Z_dc9038,react,numbers,0,True,True,0.8571,recovered,0.00304476
case_0052,20260921T145849Z_6d1e33,static,numbers,1,,,,,0.0018534
case_0052,20260921T145854Z_6a2e59,static,numbers,1,,,,,0.00996996
case_0052,20260921T152846Z_801564,react,off,0,False,False,0.0,rejected,0.080688
case_0052,20260921T154444Z_46568a,react,numbers,1,True,True,0.8571,recovered,0.098675
case_0052,20260921T155032Z_b8f115,static,off,0,False,False,0.0,rejected,0.012596
case_0052,20260921T155755Z_da1609,react,rule,1,True,True,0.8571,recovered,0.0030928600000000002
case_0052,20260921T160120Z_a7ad4b,static,rule,0,True,True,0.75,recovered,0.014823
case_0052,20260921T160220Z_16d2c3,static,off,0,True,True,0.75,recovered,0.002294
case_0052,20260921T160715Z_48aa10,static,off,1,,,,,0.0005961800000000001
case_0052,20260921T160720Z_567198,static,off,1,,,,,0.00027698
case_0052,20260921T161158Z_b16f0c,static,numbers,0,True,True,0.75,recovered,0.015093
case_0052,20260921T161237Z_b7a4a4,react,numbers,0,True,True,0.8571,rejected,0.079585
case_0052,20260921T162443Z_683230,static,rule,1,True,True,0.75,recovered,0.0018298
case_0052,20260921T162816Z_9f7fcb,static,rule,0,,,,,0.00030544
case_0052,20260921T162819Z_54b949,static,rule,0,,,,,0.00045064000000000004
case_0052,20260921T163649Z_7e3f1a,react,rule,0,True,True,0.8571,recovered,0.0032118000000000003
case_0052,20260921T165247Z_c0fc09,react,off,1,True,True,0.8571,recovered,0.004456020000000001
case_0052,20260921T165308Z_9f89ac,static,numbers,0,True,True,0.75,recovered,0.0019554
case_0052,20260921T165941Z_9a4332,static,off,1,False,False,0.0,rejected,0.012706
case_0052,20260921T170139Z_11aa97,static,numbers,1,True,True,0.75,recovered,0.016233
case_0052,20260921T170447Z_def4fe,react,rule,1,True,True,0.75,recovered,0.064244
case_0052,20260921T172700Z_545dab,react,numbers,1,True,True,0.75,recovered,0.00294852
case_0052,20260921T173137Z_0ffc5c,react,rule,0,True,True,0.5714,recovered,0.072307
case_0053,20260921T134717Z_a8470a,react,rule,1,True,True,0.4444,recovered,0.00356532
case_0053,20260921T135703Z_3f1779,static,rule,1,,,,,0.0112234
case_0053,20260921T140558Z_b83fe8,react,numbers,0,True,True,0.5714,recovered,0.00336362
case_0053,20260921T142518Z_ff2674,react,numbers,1,True,True,0.75,rejected,0.0039929
case_0053,20260921T142552Z_b3b92f,react,rule,1,True,True,0.75,recovered,0.056995
case_0053,20260921T143422Z_003bcb,static,numbers,1,True,True,0.8571,recovered,0.0018054000000000002
case_0053,20260921T144200Z_50eeca,static,off,0,False,False,0.0,rejected,0.012586
case_0053,20260921T151925Z_0643a2,static,off,1,True,True,0.75,recovered,0.0018128000000000003
case_0053,20260921T152447Z_8eab19,react,off,0,False,False,0.0,rejected,0.087315
case_0053,20260921T153535Z_086696,static,rule,0,True,True,0.6667,recovered,0.0018922000000000001
case_0053,20260921T153804Z_542813,react,rule,0,True,True,0.5714,recovered,0.00362222
case_0053,20260921T155344Z_06f63a,react,off,1,False,False,0.0,rejected,0.087525
case_0053,20260921T155504Z_ff8605,react,numbers,1,True,True,0.6667,recovered,0.09844
case_0053,20260921T155932Z_878b98,react,numbers,0,True,True,0.6667,recovered,0.057571
case_0053,20260921T160320Z_1275dc,react,rule,0,True,True,0.5714,recovered,0.067928
case_0053,20260921T160656Z_b29950,static,numbers,0,True,True,0.75,recovered,0.013913
case_0053,20260921T162242Z_bc4485,static,rule,1,True,True,0.8571,recovered,0.014518
case_0053,20260921T164347Z_69470c,react,off,1,True,True,0.6667,recovered,0.00363976
case_0053,20260921T164832Z_abaa86,react,off,0,False,False,0.0,rejected,0.00201572
case_0053,20260921T165155Z_32ad58,static,off,1,False,False,0.0,rejected,0.012461
case_0053,20260921T165914Z_01c8f7,static,off,0,True,True,0.6667,recovered,0.0020336
case_0053,20260921T170220Z_52976d,static,numbers,0,,,,,0.0018185999999999999
case_0053,20260921T170224Z_a5ade5,static,numbers,0,True,True,0.75,recovered,0.00070956
case_0053,20260921T170624Z_cbb6b5,static,numbers,1,True,True,0.75,recovered,0.014803
case_0053,20260921T173039Z_355bf5,static,rule,0,True,True,0.5714,recovered,0.014883
case_0054,20260921T133030Z_cef45b,react,numbers,0,True,True,0.5714,recovered,0.061707
case_0054,20260921T134707Z_d2f1eb,static,rule,0,True,True,0.8571,recovered,0.013948
case_0054,20260921T141638Z_3ce7e8,static,off,0,True,True,0.75,recovered,0.0018236
case_0054,20260921T141933Z_84ed5f,react,rule,1,True,True,0.75,recovered,0.121007
case_0054,20260921T141957Z_9ecec3,static,numbers,0,,,,,0.0112206
case_0054,20260921T142134Z_d43ed1,react,rule,0,True,True,0.6667,recovered,0.0029325799999999997
case_0054,20260921T142924Z_933b1f,static,numbers,1,True,True,0.5714,recovered,0.015363
case_0054,20260921T143910Z_6b46ea,react,numbers,1,True,True,0.75,recovered,0.092965
case_0054,20260921T144547Z_29cee4,static,numbers,0,True,True,0.6667,recovered,0.013883
case_0054,20260921T145943Z_16cdae,react,rule,1,True,True,0.8571,recovered,0.00351372
case_0054,20260921T150053Z_5f5749,react,numbers,0,True,True,0.8571,recovered,0.00424116
case_0054,20260921T151013Z_06b69c,static,off,1,False,False,0.0,rejected,0.013431
case_0054,20260921T151304Z_44f7b8,static,off,0,False,False,0.0,rejected,0.012806
case_0054,20260921T152155Z_1bad3e,react,numbers,1,True,True,0.6667,recovered,0.0030451200000000006
case_0054,20260921T153549Z_3cf3a8,react,off,0,False,False,0.0,rejected,0.0021119199999999998
case_0054,20260921T160342Z_a3661a,react,off,1,True,False,0.5,recovered,0.149424
case_0054,20260921T160756Z_c6989a,static,off,1,,,,,0.011214799999999999
case_0054,20260921T160851Z_1a99a6,react,off,0,False,False,0.0,rejected,0.10784
case_0054,20260921T161635Z_686b46,static,numbers,1,,,,,0.0112206
case_0054,20260921T161818Z_29fe8c,static,rule,0,,,,,0.0015802000000000001
case_0054,20260921T161822Z_a14b01,static,rule,0,,,,,0.0005562400000000001
case_0054,20260921T162050Z_1d8b63,static,rule,1,True,True,0.75,recovered,0.014858
case_0054,20260921T170104Z_17ac04,static,rule,1,True,True,0.8571,recovered,0.0019654
case_0054,20260921T170428Z_b58288,react,off,1,True,True,0.6667,recovered,0.00426116
case_0054,20260921T172047Z_f0d352,react,rule,0,True,True,0.5714,recovered,0.069297
case_0109,20260921T141735Z_a0504e,static,rule,0,True,True,1.0,no_unnecessary_repair,0.012488
case_0109,20260921T150243Z_46516a,static,rule,0,True,True,1.0,no_unnecessary_repair,0.0016340000000000003
case_0109,20260921T160920Z_82c27b,static,off,0,False,False,0.0,false_intervention,0.013091
case_0109,20260921T161127Z_feeb23,static,numbers,0,True,True,1.0,no_unnecessary_repair,0.0015628000000000003
case_0109,20260921T170513Z_0952f3,static,off,0,True,True,1.0,no_unnecessary_repair,0.001611
case_0109,20260921T172436Z_45f55a,static,numbers,0,True,True,1.0,no_unnecessary_repair,0.012738
case_0110,20260921T135527Z_9a0fb8,static,numbers,0,True,True,1.0,no_unnecessary_repair,0.0016276
case_0110,20260921T140353Z_885c79,static,numbers,0,True,True,1.0,no_unnecessary_repair,0.013318
case_0110,20260921T141552Z_a89881,static,off,0,True,True,1.0,no_unnecessary_repair,0.0015918
case_0110,20260921T152936Z_4f7f8e,static,rule,0,True,True,1.0,no_unnecessary_repair,0.012598
case_0110,20260921T165337Z_3c9510,static,rule,0,True,True,1.0,no_unnecessary_repair,0.0016796
case_0110,20260921T171913Z_be131f,static,off,0,True,True,1.0,no_unnecessary_repair,0.012206
case_0111,20260921T145734Z_a14e73,static,numbers,0,True,True,1.0,no_unnecessary_repair,0.013403
case_0111,20260921T151121Z_15a3c8,static,off,0,True,True,1.0,no_unnecessary_repair,0.0017262
case_0111,20260921T153153Z_9b7b64,static,numbers,0,True,True,1.0,no_unnecessary_repair,0.0016228000000000002
case_0111,20260921T155501Z_1458a0,static,rule,0,True,True,1.0,no_unnecessary_repair,0.0015932000000000001
case_0111,20260921T162704Z_0d7002,static,off,0,True,True,1.0,no_unnecessary_repair,0.012671
case_0111,20260921T170505Z_e8fe72,static,rule,0,True,True,1.0,no_unnecessary_repair,0.012808
case_0112,20260921T133635Z_e483d4,static,numbers,0,True,True,1.0,no_unnecessary_repair,0.012753
case_0112,20260921T143350Z_5ff144,static,off,0,True,True,1.0,no_unnecessary_repair,0.012726
case_0112,20260921T143712Z_043c34,static,rule,0,True,True,1.0,no_unnecessary_repair,0.0023864
case_0112,20260921T163006Z_adfe44,static,rule,0,True,True,1.0,no_unnecessary_repair,0.013118
case_0112,20260921T163631Z_253aa1,static,numbers,0,True,True,1.0,no_unnecessary_repair,0.0016516
case_0112,20260921T165725Z_4e89e6,static,off,0,True,True,1.0,no_unnecessary_repair,0.0016122
case_0113,20260921T135414Z_b531c5,static,rule,0,True,True,1.0,no_unnecessary_repair,0.0015848000000000001
case_0113,20260921T142102Z_e476e1,static,numbers,0,True,True,1.0,no_unnecessary_repair,0.0016000000000000003
case_0113,20260921T154648Z_007505,static,rule,0,True,True,1.0,no_unnecessary_repair,0.012313
case_0113,20260921T160110Z_c8417b,static,numbers,0,True,True,1.0,no_unnecessary_repair,0.012823
case_0113,20260921T164813Z_0c3900,static,off,0,True,True,1.0,no_unnecessary_repair,0.012606
case_0113,20260921T165642Z_a882a4,static,off,0,True,True,1.0,no_unnecessary_repair,0.001581
case_0114,20260921T133026Z_055ad3,static,rule,0,True,True,1.0,no_unnecessary_repair,0.0015620000000000002
case_0114,20260921T140723Z_1f91f6,static,numbers,0,True,True,1.0,no_unnecessary_repair,0.0015772000000000002
case_0114,20260921T143636Z_176216,static,rule,0,True,True,1.0,no_unnecessary_repair,0.012468
case_0114,20260921T161739Z_ac61ec,static,numbers,0,True,True,1.0,no_unnecessary_repair,0.012983
case_0114,20260921T162123Z_594490,static,off,0,True,True,1.0,no_unnecessary_repair,0.012976
case_0114,20260921T171807Z_37ac89,static,off,0,True,True,1.0,no_unnecessary_repair,0.0016794000000000002
case_0115,20260921T143018Z_8f7764,static,off,0,True,True,1.0,no_unnecessary_repair,0.0016158
case_0115,20260921T150504Z_9c7ebe,static,off,0,True,True,1.0,no_unnecessary_repair,0.012656
case_0115,20260921T152641Z_b3ceab,static,rule,0,True,True,1.0,no_unnecessary_repair,0.0015836000000000001
case_0115,20260921T152823Z_c40ad8,static,numbers,0,True,True,1.0,no_unnecessary_repair,0.0015700000000000002
case_0115,20260921T162753Z_35d685,static,rule,0,True,True,1.0,no_unnecessary_repair,0.012013
case_0115,20260921T172354Z_822c37,static,numbers,0,True,True,1.0,no_unnecessary_repair,0.012523
case_0116,20260921T133643Z_f7844f,static,numbers,0,True,True,1.0,no_unnecessary_repair,0.012998
case_0116,20260921T143008Z_a8c936,static,off,0,True,True,1.0,no_unnecessary_repair,0.013151
case_0116,20260921T145620Z_4ae8b6,static,off,0,True,True,1.0,no_unnecessary_repair,0.0015605999999999999
case_0116,20260921T152914Z_6f52e2,static,rule,0,True,True,1.0,no_unnecessary_repair,0.013193
case_0116,20260921T164054Z_6710c0,static,rule,0,True,True,1.0,no_unnecessary_repair,0.001772
case_0116,20260921T171026Z_a8f838,static,numbers,0,True,True,1.0,no_unnecessary_repair,0.0016144
case_0117,20260921T135237Z_a5cec0,static,rule,0,False,False,0.0,no_unnecessary_repair,0.014568
case_0117,20260921T141400Z_330003,static,off,0,True,True,1.0,no_unnecessary_repair,0.0015978
case_0117,20260921T141928Z_0b7a88,static,numbers,0,True,True,1.0,no_unnecessary_repair,0.0018808000000000002
case_0117,20260921T144948Z_bc76f9,static,off,0,True,True,1.0,no_unnecessary_repair,0.012936
case_0117,20260921T165146Z_33ea21,static,numbers,0,False,False,0.0,false_intervention,0.013433
case_0117,20260921T170918Z_ec1186,static,rule,0,True,True,1.0,no_unnecessary_repair,0.0035911999999999997
case_0118,20260921T134054Z_866698,static,numbers,0,True,True,1.0,no_unnecessary_repair,0.012663
case_0118,20260921T135416Z_8607bc,static,rule,0,True,True,1.0,no_unnecessary_repair,0.012433
case_0118,20260921T141504Z_aa09e8,static,numbers,0,True,True,1.0,no_unnecessary_repair,0.0015808000000000003
case_0118,20260921T145959Z_84b8d9,static,off,0,True,True,1.0,no_unnecessary_repair,0.001659
case_0118,20260921T151104Z_c41083,static,off,0,True,True,1.0,no_unnecessary_repair,0.012596
case_0118,20260921T154240Z_e2d371,static,rule,0,True,True,1.0,no_unnecessary_repair,0.0015932000000000001
case_0119,20260921T135630Z_9bdc76,static,rule,0,True,True,1.0,no_unnecessary_repair,0.001736
case_0119,20260921T141352Z_b15325,static,numbers,0,True,True,1.0,no_unnecessary_repair,0.0016180000000000003
case_0119,20260921T153601Z_851a73,static,rule,0,True,True,1.0,no_unnecessary_repair,0.012713
case_0119,20260921T160441Z_38318c,static,off,0,True,True,1.0,no_unnecessary_repair,0.013231
case_0119,20260921T161314Z_e3fe7b,static,numbers,0,True,True,1.0,no_unnecessary_repair,0.012573
case_0119,20260921T164227Z_54bff7,static,off,0,True,True,1.0,no_unnecessary_repair,0.0016326
case_0120,20260921T141511Z_dbc5f8,static,off,0,True,True,1.0,no_unnecessary_repair,0.012446
case_0120,20260921T143111Z_3e529b,static,off,0,True,True,1.0,no_unnecessary_repair,0.0015702000000000001
case_0120,20260921T162329Z_a39c3d,static,numbers,0,True,True,1.0,no_unnecessary_repair,0.012403
case_0120,20260921T164409Z_505f69,static,rule,0,True,True,1.0,no_unnecessary_repair,0.001652
case_0120,20260921T172259Z_f49cbd,static,numbers,0,True,True,1.0,no_unnecessary_repair,0.0015880000000000002
case_0120,20260921T173102Z_ce9989,static,rule,0,True,True,1.0,no_unnecessary_repair,0.012788
case_0121,20260921T135837Z_4d886f,static,rule,0,False,False,0.0,no_unnecessary_repair,0.014933
case_0121,20260921T140612Z_7be327,static,numbers,0,True,True,1.0,no_unnecessary_repair,0.0015724
case_0121,20260921T144151Z_fd587e,static,off,0,True,True,1.0,no_unnecessary_repair,0.012916
case_0121,20260921T151126Z_ae9b00,static,rule,0,True,True,1.0,no_unnecessary_repair,0.0016496000000000002
case_0121,20260921T151147Z_447d99,static,numbers,0,True,True,1.0,no_unnecessary_repair,0.012963
case_0121,20260921T160339Z_71e291,static,off,0,True,True,1.0,no_unnecessary_repair,0.0015546
case_0122,20260921T142948Z_117e6e,static,off,0,True,True,1.0,no_unnecessary_repair,0.012916
case_0122,20260921T143603Z_1e44c9,static,numbers,0,True,True,1.0,no_unnecessary_repair,0.0017392000000000002
case_0122,20260921T152047Z_12f9c5,static,numbers,0,True,True,1.0,no_unnecessary_repair,0.012623
case_0122,20260921T152943Z_6ef8cf,static,rule,0,False,False,0.0,no_unnecessary_repair,0.0035551999999999997
case_0122,20260921T161624Z_9305f3,static,rule,0,False,False,0.0,no_unnecessary_repair,0.014663
case_0122,20260921T171849Z_1b893c,static,off,0,True,True,1.0,no_unnecessary_repair,0.0015965999999999999
case_0123,20260921T142610Z_a86ada,static,rule,0,True,True,1.0,no_unnecessary_repair,0.0017168
case_0123,20260921T143841Z_6f7d15,static,numbers,0,True,True,1.0,no_unnecessary_repair,0.012513
case_0123,20260921T145551Z_42d579,static,off,0,True,True,1.0,no_unnecessary_repair,0.001647
case_0123,20260921T150246Z_643823,static,rule,0,True,True,1.0,no_unnecessary_repair,0.013113
case_0123,20260921T152523Z_933d2e,static,off,0,True,True,1.0,no_unnecessary_repair,0.012621
case_0123,20260921T163844Z_5508b4,static,numbers,0,True,True,1.0,no_unnecessary_repair,0.0016504
case_0124,20260921T140555Z_7f26b3,static,numbers,0,True,True,1.0,no_unnecessary_repair,0.0015820000000000003
case_0124,20260921T141921Z_1dd0ea,static,rule,0,True,True,1.0,no_unnecessary_repair,0.012228
case_0124,20260921T142711Z_f8ff0b,static,rule,0,True,True,1.0,no_unnecessary_repair,0.0015692
case_0124,20260921T143151Z_ca933f,static,numbers,0,True,True,1.0,no_unnecessary_repair,0.013308
case_0124,20260921T143627Z_1cbef3,static,off,0,True,True,1.0,no_unnecessary_repair,0.012821
case_0124,20260921T153156Z_58d549,static,off,0,True,True,1.0,no_unnecessary_repair,0.0015834
case_0125,20260921T143608Z_9ac2a8,static,numbers,0,True,True,1.0,no_unnecessary_repair,0.0016624
case_0125,20260921T143949Z_e0aefc,static,rule,0,True,True,1.0,no_unnecessary_repair,0.012983
case_0125,20260921T145440Z_13cebf,static,off,0,True,True,1.0,no_unnecessary_repair,0.012371
case_0125,20260921T145509Z_9a3a43,static,off,0,True,True,1.0,no_unnecessary_repair,0.0015894000000000001
case_0125,20260921T173050Z_819d7b,static,numbers,0,True,True,1.0,no_unnecessary_repair,0.013248
case_0125,20260921T173058Z_c50d0a,static,rule,0,True,True,1.0,no_unnecessary_repair,0.0017648000000000002
case_0126,20260921T140551Z_91a391,static,off,0,True,True,1.0,no_unnecessary_repair,0.0016314
case_0126,20260921T152044Z_3c124c,static,numbers,0,True,True,1.0,no_unnecessary_repair,0.0016348000000000003
case_0126,20260921T153019Z_dda9b7,static,off,0,True,True,1.0,no_unnecessary_repair,0.012676
case_0126,20260921T154757Z_b5eb91,static,rule,0,True,True,1.0,no_unnecessary_repair,0.013248
case_0126,20260921T160723Z_12bd8e,static,rule,0,True,True,1.0,no_unnecessary_repair,0.0016568000000000002
case_0126,20260921T171904Z_864c51,static,numbers,0,True,True,1.0,no_unnecessary_repair,0.012793
case_0127,20260921T133617Z_c020aa,static,off,0,True,True,1.0,no_unnecessary_repair,0.012011
case_0127,20260921T141126Z_61fae4,static,off,0,True,True,1.0,no_unnecessary_repair,0.001551
case_0127,20260921T150957Z_68d9dd,static,numbers,0,True,True,1.0,no_unnecessary_repair,0.011928
case_0127,20260921T151204Z_0637b2,static,rule,0,True,True,1.0,no_unnecessary_repair,0.0019172
case_0127,20260921T170229Z_bde982,static,rule,0,True,True,1.0,no_unnecessary_repair,0.012138
case_0127,20260921T171001Z_265060,static,numbers,0,True,True,1.0,no_unnecessary_repair,0.0017248
case_0128,20260921T140640Z_f9127d,static,rule,0,True,True,1.0,no_unnecessary_repair,0.012298
case_0128,20260921T150201Z_f52efe,static,numbers,0,True,True,1.0,no_unnecessary_repair,0.013233
case_0128,20260921T151201Z_04e42f,static,off,0,True,True,1.0,no_unnecessary_repair,0.0016217999999999998
case_0128,20260921T152815Z_2f23a3,static,off,0,True,True,1.0,no_unnecessary_repair,0.012476
case_0128,20260921T162701Z_4ec7c5,static,numbers,0,True,True,1.0,no_unnecessary_repair,0.0015916
case_0128,20260921T165733Z_134e12,static,rule,0,True,True,1.0,no_unnecessary_repair,0.0018296000000000002
